ds,NIFTY50,BANK,IT,VIX
2016-08-25,8592.2001953125,19304.25,10665.650390625,13.289999961853027
2016-08-26,8572.5498046875,19195.75,10523.0498046875,13.569999694824219
2016-08-29,8607.4501953125,19217.0,10385.349609375,13.170000076293945
2016-08-30,8744.349609375,19531.55078125,10572.2998046875,13.020000457763672
2016-08-31,8786.2001953125,19787.599609375,10546.099609375,13.239999771118164
2016-09-01,8774.650390625,19788.849609375,10533.25,13.34000015258789
2016-09-02,8809.650390625,19883.19921875,10528.349609375,12.9399995803833
2016-09-06,8943.0,20426.19921875,10545.2998046875,12.75
2016-09-07,8917.9501953125,20406.900390625,10499.900390625,13.149999618530273
2016-09-08,8952.5,20417.25,10240.5,13.119999885559082
2016-09-09,8866.7001953125,20245.30078125,10291.900390625,13.229999542236328
2016-09-12,8715.599609375,19790.599609375,10374.9501953125,15.239999771118164
2016-09-14,8726.599609375,19909.150390625,10302.849609375,14.760000228881836
2016-09-15,8742.5498046875,19837.55078125,10289.5,14.680000305175781
2016-09-16,8779.849609375,19855.44921875,10399.25,14.579999923706055
2016-09-19,8808.400390625,19906.849609375,10463.400390625,14.9399995803833
2016-09-20,8775.900390625,19852.30078125,10426.7001953125,14.779999732971191
2016-09-21,8777.150390625,19828.44921875,10456.5,14.8100004196167
2016-09-22,8867.4501953125,20109.599609375,10397.150390625,13.34000015258789
2016-09-23,8831.5498046875,19901.80078125,10391.0498046875,13.25
2016-09-26,8723.0498046875,19591.75,10330.0,14.569999694824219
2016-09-27,8706.400390625,19518.69921875,10397.0,14.25
2016-09-28,8745.150390625,19653.55078125,10360.5,13.850000381469727
2016-09-29,8591.25,19183.650390625,10257.7998046875,18.450000762939453
2016-09-30,8611.150390625,19285.69921875,10292.2998046875,17.18000030517578
2016-10-03,8738.099609375,19589.05078125,10309.849609375,15.619999885559082
2016-10-04,8769.150390625,19672.69921875,10394.2998046875,14.989999771118164
2016-10-05,8743.9501953125,19536.849609375,10333.400390625,14.930000305175781
2016-10-06,8709.5498046875,19395.05078125,10242.5,14.84000015258789
2016-10-07,8697.599609375,19400.099609375,10184.25,14.489999771118164
2016-10-10,8708.7998046875,19378.55078125,10270.9501953125,14.289999961853027
2016-10-13,8573.349609375,18954.25,10243.75,15.430000305175781
2016-10-14,8583.400390625,19020.150390625,10228.650390625,14.890000343322754
2016-10-17,8520.400390625,19070.400390625,10158.75,15.65999984741211
2016-10-18,8677.900390625,19495.05078125,10377.150390625,14.539999961853027
2016-10-19,8659.099609375,19412.099609375,10411.099609375,14.609999656677246
2016-10-20,8699.400390625,19658.69921875,10372.9501953125,14.170000076293945
2016-10-21,8693.0498046875,19710.900390625,10477.099609375,13.829999923706055
2016-10-24,8708.9501953125,19807.900390625,10327.7001953125,14.329999923706055
2016-10-25,8691.2998046875,19834.900390625,10261.400390625,14.479999542236328
2016-10-26,8615.25,19483.599609375,10157.349609375,14.449999809265137
2016-10-27,8615.25,19514.599609375,10052.900390625,14.09000015258789
2016-10-28,8638.0,19555.94921875,10048.400390625,14.649999618530273
2016-11-01,8626.25,19458.599609375,9990.599609375,15.739999771118164
2016-11-02,8514.0,19227.900390625,9871.25,16.799999237060547
2016-11-03,8484.9501953125,19178.69921875,9809.75,16.469999313354492
2016-11-04,8433.75,19058.099609375,9924.0498046875,16.850000381469727
2016-11-07,8497.0498046875,19356.0,9970.0,16.510000228881836
2016-11-08,8543.5498046875,19500.80078125,10008.400390625,16.770000457763672
2016-11-09,8432.0,19518.25,9683.25,16.6200008392334
2016-11-10,8525.75,20200.25,9654.75,15.460000038146973
2016-11-11,8296.2998046875,19738.80078125,9434.599609375,17.360000610351562
2016-11-15,8108.4501953125,19289.75,9487.0,20.149999618530273
2016-11-16,8111.60009765625,19108.099609375,9641.0,19.5
2016-11-17,8079.9501953125,19087.849609375,9496.2001953125,18.709999084472656
2016-11-18,8074.10009765625,18959.05078125,9476.4501953125,17.809999465942383
2016-11-21,7929.10009765625,18446.400390625,9453.75,19.100000381469727
2016-11-22,8002.2998046875,18548.650390625,9509.4501953125,18.469999313354492
2016-11-23,8033.2998046875,18540.900390625,9549.849609375,18.040000915527344
2016-11-24,7965.5,18256.099609375,9656.25,17.15999984741211
2016-11-25,8114.2998046875,18507.30078125,10114.900390625,17.610000610351562
2016-11-28,8126.89990234375,18301.44921875,10106.2001953125,18.059999465942383
2016-11-29,8142.14990234375,18223.75,10059.599609375,17.709999084472656
2016-11-30,8224.5,18627.80078125,10087.7001953125,16.850000381469727
2016-12-01,8192.900390625,18428.44921875,10049.75,16.690000534057617
2016-12-02,8086.7998046875,18247.650390625,9922.7998046875,17.93000030517578
2016-12-05,8128.75,18408.900390625,9836.0,17.290000915527344
2016-12-06,8143.14990234375,18420.900390625,9834.9501953125,17.110000610351562
2016-12-07,8102.0498046875,18234.150390625,9777.900390625,16.850000381469727
2016-12-08,8246.849609375,18515.44921875,9935.900390625,15.529999732971191
2016-12-09,8261.75,18695.80078125,9997.5,15.069999694824219
2016-12-12,8170.7998046875,18392.94921875,9953.900390625,16.190000534057617
2016-12-13,8221.7998046875,18466.05078125,10058.650390625,15.920000076293945
2016-12-14,8182.4501953125,18341.5,10128.9501953125,16.59000015258789
2016-12-15,8153.60009765625,18401.150390625,10195.75,15.65999984741211
2016-12-16,8139.4501953125,18312.80078125,10222.9501953125,15.25
2016-12-19,8104.35009765625,18257.05078125,10223.650390625,14.84000015258789
2016-12-20,8082.39990234375,18069.400390625,10322.849609375,14.539999961853027
2016-12-21,8061.2998046875,18084.5,10228.25,14.710000038146973
2016-12-22,7979.10009765625,17891.44921875,10163.0,15.550000190734863
2016-12-23,7985.75,17884.0,10071.0498046875,15.130000114440918
2016-12-26,7908.25,17655.55078125,10023.2998046875,16.600000381469727
2016-12-27,8032.85009765625,17879.55078125,10170.7001953125,15.079999923706055
2016-12-28,8034.85009765625,17876.69921875,10198.599609375,15.539999961853027
2016-12-29,8103.60009765625,18033.150390625,10291.849609375,15.279999732971191
2016-12-30,8185.7998046875,18177.19921875,10399.25,15.470000267028809
2017-01-02,8179.5,17969.599609375,10367.0498046875,15.829999923706055
2017-01-03,8192.25,18035.599609375,10362.25,15.960000038146973
2017-01-04,8190.5,17891.0,10496.900390625,15.890000343322754
2017-01-05,8273.7998046875,18115.94921875,10400.0498046875,15.050000190734863
2017-01-06,8243.7998046875,18264.0,10110.4501953125,14.90999984741211
2017-01-09,8236.0498046875,18286.650390625,10198.4501953125,15.479999542236328
2017-01-10,8288.599609375,18409.599609375,10221.5,15.199999809265137
2017-01-11,8380.650390625,18830.0,10220.5498046875,14.8100004196167
2017-01-12,8407.2001953125,18873.94921875,10398.7998046875,14.609999656677246
2017-01-13,8400.349609375,18912.099609375,10263.5498046875,14.380000114440918
2017-01-16,8412.7998046875,19096.44921875,10173.099609375,15.069999694824219
2017-01-17,8398.0,19067.05078125,10206.7998046875,15.390000343322754
2017-01-18,8417.0,19164.5,10231.599609375,15.180000305175781
2017-01-19,8435.099609375,19124.25,10222.150390625,15.020000457763672
2017-01-20,8349.349609375,18820.80078125,10132.650390625,15.789999961853027
2017-01-23,8391.5,18842.69921875,10219.400390625,15.90999984741211
2017-01-24,8475.7998046875,19023.5,10201.599609375,15.289999961853027
2017-01-25,8602.75,19473.19921875,10164.4501953125,15.170000076293945
2017-01-27,8641.25,19708.30078125,10181.849609375,16.010000228881836
2017-01-30,8632.75,19585.25,10170.650390625,16.670000076293945
2017-01-31,8561.2998046875,19515.150390625,9848.5,16.829999923706055
2017-02-01,8716.400390625,20020.599609375,9750.0,13.970000267028809
2017-02-02,8734.25,20070.30078125,9926.0,13.520000457763672
2017-02-03,8740.9501953125,20196.80078125,10025.7998046875,13.130000114440918
2017-02-06,8801.0498046875,20371.599609375,10029.0498046875,13.399999618530273
2017-02-07,8768.2998046875,20327.25,9997.9501953125,13.510000228881836
2017-02-08,8769.0498046875,20245.400390625,10007.0498046875,13.350000381469727
2017-02-09,8778.400390625,20151.150390625,10167.900390625,13.239999771118164
2017-02-10,8793.5498046875,20213.900390625,10387.849609375,13.180000305175781
2017-02-13,8805.0498046875,20251.80078125,10452.900390625,13.6899995803833
2017-02-14,8792.2998046875,20258.099609375,10474.099609375,13.800000190734863
2017-02-15,8724.7001953125,20163.69921875,10427.650390625,14.210000038146973
2017-02-16,8778.0,20243.69921875,10628.0498046875,13.729999542236328
2017-02-17,8821.7001953125,20551.349609375,10527.2001953125,13.430000305175781
2017-02-20,8879.2001953125,20677.099609375,10671.25,13.609999656677246
2017-02-21,8907.849609375,20860.94921875,10680.75,13.529999732971191
2017-02-22,8926.900390625,20868.44921875,10514.7998046875,13.699999809265137
2017-02-23,8939.5,20876.650390625,10689.650390625,13.399999618530273
2017-02-27,8896.7001953125,20613.05078125,10706.7001953125,13.680000305175781
2017-02-28,8879.599609375,20607.25,10680.9501953125,13.789999961853027
2017-03-01,8945.7998046875,20783.75,10748.0498046875,13.579999923706055
2017-03-02,8899.75,20560.05078125,10741.599609375,13.359999656677246
2017-03-03,8897.5498046875,20495.599609375,10806.25,13.350000381469727
2017-03-06,8963.4501953125,20663.650390625,10779.0498046875,13.640000343322754
2017-03-07,8946.900390625,20627.5,10799.099609375,13.880000114440918
2017-03-08,8924.2998046875,20676.55078125,10739.4501953125,14.079999923706055
2017-03-09,8927.0,20721.349609375,10724.75,14.390000343322754
2017-03-10,8934.5498046875,20727.55078125,10749.849609375,13.960000038146973
2017-03-14,9087.0,21102.69921875,10879.25,12.399999618530273
2017-03-15,9084.7998046875,21157.900390625,10696.5498046875,12.420000076293945
2017-03-16,9153.7001953125,21249.900390625,10822.099609375,11.90999984741211
2017-03-17,9160.0498046875,21175.05078125,10900.75,11.850000381469727
2017-03-20,9126.849609375,21110.25,10776.75,12.020000457763672
2017-03-21,9121.5,21019.0,10787.2001953125,11.9399995803833
2017-03-22,9030.4501953125,20781.349609375,10783.2998046875,12.270000457763672
2017-03-23,9086.2998046875,20895.5,10850.7998046875,11.84000015258789
2017-03-24,9108.0,21122.55078125,10768.9501953125,11.979999542236328
2017-03-27,9045.2001953125,21056.900390625,10648.5,12.4399995803833
2017-03-28,9100.7998046875,21225.400390625,10681.0498046875,12.119999885559082
2017-03-29,9143.7998046875,21391.150390625,10741.25,12.09000015258789
2017-03-30,9173.75,21620.69921875,10730.75,12.149999618530273
2017-03-31,9173.75,21444.150390625,10703.25,12.420000076293945
2017-04-03,9237.849609375,21547.75,10592.0,11.489999771118164
2017-04-05,9265.150390625,21652.69921875,10510.2998046875,11.550000190734863
2017-04-06,9261.9501953125,21622.94921875,10538.150390625,11.289999961853027
2017-04-07,9198.2998046875,21431.150390625,10485.75,11.6899995803833
2017-04-10,9181.4501953125,21520.150390625,10338.150390625,11.619999885559082
2017-04-11,9237.0,21736.150390625,10398.849609375,11.399999618530273
2017-04-12,9203.4501953125,21666.80078125,10323.4501953125,11.630000114440918
2017-04-13,9150.7998046875,21686.599609375,10064.2001953125,11.579999923706055
2017-04-17,9139.2998046875,21647.599609375,10000.900390625,11.890000343322754
2017-04-18,9105.150390625,21671.849609375,9981.5498046875,12.380000114440918
2017-04-19,9103.5,21556.349609375,9944.7998046875,12.220000267028809
2017-04-20,9136.400390625,21491.400390625,10039.0498046875,11.5600004196167
2017-04-21,9119.400390625,21551.44921875,10008.150390625,11.420000076293945
2017-04-24,9217.9501953125,21857.400390625,10058.349609375,11.630000114440918
2017-04-25,9306.599609375,22054.69921875,10091.25,11.15999984741211
2017-04-26,9351.849609375,22242.849609375,9966.75,11.739999771118164
2017-04-27,9342.150390625,22326.30078125,10012.349609375,11.069999694824219
2017-04-28,9304.0498046875,22358.25,9943.7001953125,10.859999656677246
2017-05-02,9313.7998046875,22341.349609375,10006.349609375,11.449999809265137
2017-05-03,9311.9501953125,22307.30078125,10131.0498046875,11.529999732971191
2017-05-04,9359.900390625,22720.099609375,10106.5,11.329999923706055
2017-05-05,9285.2998046875,22604.94921875,10086.349609375,11.989999771118164
2017-05-08,9314.0498046875,22767.349609375,10209.150390625,11.670000076293945
2017-05-09,9316.849609375,22707.30078125,10279.599609375,11.109999656677246
2017-05-10,9407.2998046875,22830.349609375,10219.5498046875,10.949999809265137
2017-05-11,9422.400390625,22818.44921875,10256.099609375,10.84000015258789
2017-05-12,9400.900390625,22671.69921875,10367.2998046875,10.630000114440918
2017-05-15,9445.400390625,22821.5,10339.75,10.680000305175781
2017-05-16,9512.25,22928.599609375,10461.2998046875,10.5600004196167
2017-05-17,9525.75,22935.94921875,10437.2998046875,10.640000343322754
2017-05-18,9429.4501953125,22698.599609375,10545.599609375,11.789999961853027
2017-05-19,9427.900390625,22769.80078125,10456.349609375,11.300000190734863
2017-05-22,9438.25,22652.849609375,10504.849609375,11.199999809265137
2017-05-23,9386.150390625,22582.80078125,10510.2001953125,12.199999809265137
2017-05-24,9360.5498046875,22536.30078125,10509.2001953125,11.829999923706055
2017-05-25,9509.75,23190.80078125,10738.349609375,10.449999809265137
2017-05-26,9595.099609375,23362.19921875,10735.400390625,10.859999656677246
2017-05-29,9604.900390625,23182.75,10568.349609375,11.789999961853027
2017-05-30,9624.5498046875,23307.25,10609.0,11.770000457763672
2017-05-31,9621.25,23424.80078125,10549.099609375,11.760000228881836
2017-06-01,9616.099609375,23310.150390625,10574.7001953125,11.3100004196167
2017-06-02,9653.5,23375.900390625,10608.9501953125,10.8100004196167
2017-06-05,9675.099609375,23459.650390625,10660.099609375,11.020000457763672
2017-06-06,9637.150390625,23416.30078125,10907.25,11.130000114440918
2017-06-07,9663.900390625,23567.650390625,10701.25,10.890000343322754
2017-06-08,9647.25,23536.099609375,10550.0,11.069999694824219
2017-06-09,9668.25,23690.900390625,10442.650390625,10.859999656677246
2017-06-12,9616.400390625,23470.44921875,10470.75,11.420000076293945
2017-06-13,9606.900390625,23477.849609375,10339.0,11.34000015258789
2017-06-14,9618.150390625,23498.69921875,10366.099609375,11.180000305175781
2017-06-15,9578.0498046875,23391.75,10278.0498046875,11.329999923706055
2017-06-16,9588.0498046875,23502.75,10189.5,10.920000076293945
2017-06-19,9657.5498046875,23742.150390625,10197.900390625,10.630000114440918
2017-06-20,9653.5,23697.94921875,10289.9501953125,10.65999984741211
2017-06-21,9633.599609375,23708.75,10223.400390625,10.920000076293945
2017-06-22,9630.0,23736.099609375,10199.5498046875,11.210000038146973
2017-06-23,9574.9501953125,23542.75,10170.599609375,11.5600004196167
2017-06-27,9511.400390625,23216.25,10068.849609375,12.510000228881836
2017-06-28,9491.25,23235.849609375,10133.5498046875,11.989999771118164
2017-06-29,9504.099609375,23227.30078125,10124.400390625,11.380000114440918
2017-06-30,9520.900390625,23211.19921875,10155.0498046875,11.729999542236328
2017-07-03,9615.0,23272.80078125,10189.849609375,11.199999809265137
2017-07-04,9613.2998046875,23214.19921875,10213.400390625,11.279999732971191
2017-07-05,9637.599609375,23352.599609375,10160.650390625,11.149999618530273
2017-07-06,9674.5498046875,23466.650390625,10148.900390625,10.979999542236328
2017-07-07,9665.7998046875,23449.150390625,10087.7998046875,10.869999885559082
2017-07-10,9771.0498046875,23675.05078125,10360.099609375,10.90999984741211
2017-07-11,9786.0498046875,23584.599609375,10430.0,10.890000343322754
2017-07-12,9816.099609375,23695.44921875,10401.5,11.050000190734863
2017-07-13,9891.7001953125,23888.650390625,10440.5498046875,11.25
2017-07-14,9886.349609375,23937.69921875,10330.650390625,11.170000076293945
2017-07-17,9915.9501953125,24015.05078125,10445.849609375,11.460000038146973
2017-07-18,9827.150390625,24022.05078125,10493.2001953125,11.489999771118164
2017-07-19,9899.599609375,24152.650390625,10583.7998046875,11.260000228881836
2017-07-20,9873.2998046875,24213.349609375,10491.150390625,11.319999694824219
2017-07-21,9915.25,24257.05078125,10711.5498046875,11.09000015258789
2017-07-24,9966.400390625,24420.849609375,10823.5498046875,11.3100004196167
2017-07-25,9964.5498046875,24520.69921875,10810.349609375,10.90999984741211
2017-07-26,10020.650390625,24670.69921875,10782.9501953125,11.170000076293945
2017-07-27,10020.5498046875,24922.400390625,10612.2998046875,11.220000267028809
2017-07-28,10014.5,24811.30078125,10699.4501953125,11.140000343322754
2017-07-31,10077.099609375,25103.650390625,10755.75,11.899999618530273
2017-08-01,10114.650390625,25122.80078125,10801.849609375,11.90999984741211
2017-08-02,10081.5,25055.19921875,10727.349609375,11.9399995803833
2017-08-03,10013.650390625,24675.05078125,10682.5,11.640000343322754
2017-08-04,10066.400390625,24827.44921875,10757.9501953125,11.390000343322754
2017-08-07,10057.400390625,24906.349609375,10678.7998046875,11.899999618530273
2017-08-08,9978.5498046875,24599.5,10623.7001953125,12.770000457763672
2017-08-09,9908.0498046875,24374.599609375,10613.5498046875,13.449999809265137
2017-08-10,9820.25,24217.349609375,10662.349609375,13.800000190734863
2017-08-11,9710.7998046875,23985.75,10647.0498046875,15.199999809265137
2017-08-14,9794.150390625,24115.75,10587.2998046875,14.380000114440918
2017-08-16,9897.2998046875,24437.69921875,10659.7001953125,14.239999771118164
2017-08-17,9904.150390625,24237.25,10797.7998046875,14.34000015258789
2017-08-18,9837.400390625,24074.44921875,10570.0,14.569999694824219
2017-08-21,9754.349609375,23936.5,10440.0498046875,14.819999694824219
2017-08-22,9765.5498046875,23974.44921875,10446.25,14.109999656677246
2017-08-23,9852.5,24316.80078125,10478.25,13.180000305175781
2017-08-24,9857.0498046875,24274.19921875,10503.900390625,12.569999694824219
2017-08-28,9912.7998046875,24377.099609375,10592.2998046875,12.640000343322754
2017-08-29,9796.0498046875,24128.94921875,10506.0,13.539999961853027
2017-08-30,9884.400390625,24308.69921875,10493.25,12.890000343322754
2017-08-31,9917.900390625,24318.400390625,10558.25,11.949999809265137
2017-09-01,9974.400390625,24434.0,10514.400390625,11.680000305175781
2017-09-04,9912.849609375,24236.849609375,10441.75,13.170000076293945
2017-09-05,9952.2001953125,24328.30078125,10498.0,12.890000343322754
2017-09-06,9916.2001953125,24279.150390625,10421.650390625,13.119999885559082
2017-09-07,9929.900390625,24304.900390625,10460.9501953125,13.010000228881836
2017-09-08,9934.7998046875,24370.80078125,10456.650390625,12.960000038146973
2017-09-11,10006.0498046875,24672.25,10459.5,12.359999656677246
2017-09-12,10093.0498046875,24784.69921875,10501.099609375,11.760000228881836
2017-09-13,10079.2998046875,24831.80078125,10505.2998046875,11.760000228881836
2017-09-14,10086.599609375,24912.25,10496.0498046875,11.470000267028809
2017-09-15,10085.400390625,24844.30078125,10599.75,11.680000305175781
2017-09-18,10153.099609375,25046.900390625,10649.5,11.4399995803833
2017-09-19,10147.5498046875,25041.55078125,10654.849609375,11.470000267028809
2017-09-20,10141.150390625,24965.05078125,10651.349609375,11.630000114440918
2017-09-21,10121.900390625,24799.25,10653.849609375,11.630000114440918
2017-09-22,9964.400390625,24368.849609375,10632.099609375,12.8100004196167
2017-09-25,9872.599609375,24165.05078125,10569.150390625,13.34000015258789
2017-09-26,9871.5,24199.150390625,10548.5,12.930000305175781
2017-09-27,9735.75,23812.94921875,10544.2001953125,13.859999656677246
2017-09-28,9768.9501953125,24008.150390625,10521.900390625,13.170000076293945
2017-09-29,9788.599609375,24053.0,10475.349609375,12.489999771118164
2017-10-03,9859.5,24103.400390625,10546.099609375,12.460000038146973
2017-10-04,9914.900390625,24113.30078125,10539.849609375,11.800000190734863
2017-10-05,9888.7001953125,24058.05078125,10524.650390625,11.710000038146973
2017-10-06,9979.7001953125,24190.0,10655.349609375,11.119999885559082
2017-10-09,9988.75,24251.900390625,10680.2001953125,11.390000343322754
2017-10-10,10016.9501953125,24347.44921875,10726.2001953125,11.109999656677246
2017-10-11,9984.7998046875,24107.44921875,10785.25,11.729999542236328
2017-10-12,10096.400390625,24361.25,10881.2998046875,11.039999961853027
2017-10-13,10167.4501953125,24689.150390625,10924.2001953125,11.260000228881836
2017-10-16,10230.849609375,24703.05078125,10961.599609375,11.3100004196167
2017-10-17,10234.4501953125,24645.599609375,10942.7001953125,11.609999656677246
2017-10-18,10210.849609375,24313.75,10910.150390625,11.539999961853027
2017-10-19,10146.5498046875,24009.75,10890.7998046875,12.399999618530273
2017-10-23,10184.849609375,24088.900390625,10997.849609375,12.329999923706055
2017-10-24,10207.7001953125,24222.150390625,10884.7998046875,11.59000015258789
2017-10-25,10295.349609375,25035.900390625,10925.4501953125,11.760000228881836
2017-10-26,10343.7998046875,25022.19921875,10883.0498046875,11.619999885559082
2017-10-27,10323.0498046875,24839.55078125,10862.0498046875,11.479999542236328
2017-10-30,10363.650390625,24988.55078125,10854.2998046875,12.109999656677246
2017-10-31,10335.2998046875,25019.349609375,10837.900390625,12.4399995803833
2017-11-01,10440.5,25490.44921875,10817.2998046875,12.140000343322754
2017-11-02,10423.7998046875,25427.30078125,10845.849609375,12.010000228881836
2017-11-03,10452.5,25650.69921875,10839.0498046875,11.90999984741211
2017-11-06,10451.7998046875,25571.150390625,10929.900390625,13.020000457763672
2017-11-07,10350.150390625,25300.80078125,11172.099609375,13.239999771118164
2017-11-08,10303.150390625,25184.349609375,11245.900390625,13.609999656677246
2017-11-09,10308.9501953125,25291.349609375,11248.4501953125,13.270000457763672
2017-11-10,10321.75,25498.94921875,11222.5498046875,13.479999542236328
2017-11-13,10224.9501953125,25358.30078125,11236.2001953125,14.050000190734863
2017-11-14,10186.599609375,25284.599609375,11168.75,14.170000076293945
2017-11-15,10118.0498046875,25218.900390625,11122.900390625,14.270000457763672
2017-11-16,10214.75,25446.599609375,11317.25,13.460000038146973
2017-11-17,10283.599609375,25728.400390625,11150.0,13.710000038146973
2017-11-20,10298.75,25768.599609375,11100.099609375,13.430000305175781
2017-11-21,10326.900390625,25757.5,11119.4501953125,13.720000267028809
2017-11-22,10342.2998046875,25766.650390625,11117.5,14.039999961853027
2017-11-23,10348.75,25736.25,11230.599609375,13.869999885559082
2017-11-24,10389.7001953125,25779.650390625,11306.400390625,13.510000228881836
2017-11-27,10399.5498046875,25891.94921875,11314.25,13.029999732971191
2017-11-28,10370.25,25846.400390625,11270.599609375,13.149999618530273
2017-11-29,10361.2998046875,25795.69921875,11232.9501953125,13.0600004196167
2017-11-30,10226.5498046875,25332.400390625,11115.349609375,13.550000190734863
2017-12-01,10121.7998046875,25191.94921875,10948.5,14.800000190734863
2017-12-04,10127.75,25075.099609375,11081.650390625,14.859999656677246
2017-12-05,10118.25,25124.849609375,11025.400390625,15.010000228881836
2017-12-06,10044.099609375,24851.80078125,11074.900390625,15.09000015258789
2017-12-07,10166.7001953125,25057.25,11163.5,14.270000457763672
2017-12-08,10265.650390625,25321.150390625,11173.400390625,13.670000076293945
2017-12-11,10322.25,25404.849609375,11324.0,14.149999618530273
2017-12-12,10240.150390625,25125.44921875,11272.4501953125,15.260000228881836
2017-12-13,10192.9501953125,25000.349609375,11251.7001953125,15.949999809265137
2017-12-14,10252.099609375,25168.19921875,11275.400390625,16.40999984741211
2017-12-15,10333.25,25440.30078125,11288.2998046875,14.9399995803833
2017-12-18,10388.75,25594.55078125,11315.2001953125,13.119999885559082
2017-12-19,10463.2001953125,25716.19921875,11240.650390625,12.1899995803833
2017-12-20,10444.2001953125,25591.69921875,11304.2001953125,12.1899995803833
2017-12-21,10440.2998046875,25554.30078125,11374.2998046875,12.09000015258789
2017-12-22,10493.0,25648.55078125,11501.900390625,11.59000015258789
2017-12-26,10531.5,25675.25,11507.400390625,12.050000190734863
2017-12-27,10490.75,25496.05078125,11509.25,12.489999771118164
2017-12-28,10477.900390625,25490.0,11496.400390625,12.300000190734863
2017-12-29,10530.7001953125,25539.44921875,11665.75,12.670000076293945
2018-01-02,10442.2001953125,25338.25,11602.349609375,13.6899995803833
2018-01-03,10443.2001953125,25318.599609375,11586.7001953125,13.619999885559082
2018-01-04,10504.7998046875,25462.599609375,11590.7998046875,13.420000076293945
2018-01-05,10558.849609375,25601.849609375,11633.5498046875,13.109999656677246
2018-01-08,10623.599609375,25676.099609375,11776.849609375,13.739999771118164
2018-01-09,10637.0,25703.80078125,11790.849609375,13.850000381469727
2018-01-10,10632.2001953125,25617.30078125,12054.7001953125,14.039999961853027
2018-01-11,10651.2001953125,25660.900390625,12103.099609375,14.010000228881836
2018-01-12,10681.25,25749.05078125,12099.2001953125,13.729999542236328
2018-01-15,10741.5498046875,26069.19921875,11992.7998046875,14.3100004196167
2018-01-16,10700.4501953125,25974.900390625,12430.9501953125,14.09000015258789
2018-01-17,10788.5498046875,26289.099609375,12531.400390625,13.859999656677246
2018-01-18,10817.0,26537.400390625,12570.7001953125,13.960000038146973
2018-01-19,10894.7001953125,26909.5,12633.849609375,13.979999542236328
2018-01-22,10966.2001953125,27041.19921875,12894.9501953125,15.390000343322754
2018-01-23,11083.7001953125,27390.599609375,13048.900390625,16.229999542236328
2018-01-24,11086.0,27398.55078125,13249.5498046875,18.040000915527344
2018-01-25,11069.650390625,27445.650390625,13117.849609375,17.510000228881836
2018-01-29,11130.400390625,27498.44921875,13242.5,17.889999389648438
2018-01-30,11049.650390625,27269.05078125,13107.9501953125,16.420000076293945
2018-01-31,11027.7001953125,27379.44921875,12986.400390625,15.930000305175781
2018-02-01,11016.900390625,27220.69921875,12964.599609375,14.109999656677246
2018-02-02,10760.599609375,26451.150390625,12983.599609375,15.25
2018-02-05,10666.5498046875,26098.75,12936.900390625,16.049999237060547
2018-02-06,10498.25,25811.30078125,12562.349609375,20.020000457763672
2018-02-07,10476.7001953125,25670.0,12450.0498046875,19.469999313354492
2018-02-08,10576.849609375,25920.650390625,12588.349609375,17.770000457763672
2018-02-09,10454.9501953125,25463.650390625,12492.7001953125,19.229999542236328
2018-02-12,10539.75,25701.599609375,12422.650390625,17.8799991607666
2018-02-14,10500.900390625,25341.25,12420.0,17.18000030517578
2018-02-15,10545.5,25424.349609375,12456.5,16.31999969482422
2018-02-16,10452.2998046875,25163.900390625,12437.9501953125,16.3799991607666
2018-02-19,10378.400390625,25058.55078125,12331.400390625,16.670000076293945
2018-02-20,10360.400390625,24874.400390625,12372.0,16.8700008392334
2018-02-21,10397.4501953125,24936.69921875,12660.0498046875,15.920000076293945
2018-02-22,10382.7001953125,24955.19921875,12730.25,14.829999923706055
2018-02-23,10491.0498046875,25302.5,12871.150390625,14.199999809265137
2018-02-26,10582.599609375,25687.900390625,12713.150390625,13.699999809265137
2018-02-27,10554.2998046875,25383.599609375,12746.7998046875,13.920000076293945
2018-02-28,10492.849609375,25107.400390625,12809.0,13.8100004196167
2018-03-01,10458.349609375,24902.55078125,12769.4501953125,14.069999694824219
2018-03-05,10358.849609375,24818.69921875,12857.650390625,15.399999618530273
2018-03-06,10249.25,24448.44921875,12706.099609375,16.25
2018-03-07,10154.2001953125,24134.099609375,12677.150390625,15.699999809265137
2018-03-08,10242.650390625,24477.650390625,12682.400390625,14.59000015258789
2018-03-09,10226.849609375,24296.44921875,12747.25,14.529999732971191
2018-03-12,10421.400390625,24664.19921875,12923.400390625,14.489999771118164
2018-03-13,10426.849609375,24738.650390625,12734.2001953125,14.460000038146973
2018-03-14,10410.900390625,24851.650390625,12786.9501953125,14.359999656677246
2018-03-15,10360.150390625,24791.849609375,12762.2998046875,14.329999923706055
2018-03-16,10195.150390625,24489.55078125,12698.400390625,15.220000267028809
2018-03-19,10094.25,24245.099609375,12421.2998046875,15.819999694824219
2018-03-20,10124.349609375,24168.19921875,12609.099609375,15.609999656677246
2018-03-21,10155.25,24255.599609375,12608.849609375,15.109999656677246
2018-03-22,10114.75,24141.5,12489.599609375,15.25
2018-03-23,9998.0498046875,23670.400390625,12541.099609375,15.550000190734863
2018-03-26,10130.650390625,24244.349609375,12462.400390625,15.199999809265137
2018-03-27,10184.150390625,24434.150390625,12518.2001953125,15.550000190734863
2018-03-28,10113.7001953125,24263.349609375,12511.5498046875,15.760000228881836
2018-04-02,10211.7998046875,24328.5,12707.099609375,15.350000381469727
2018-04-03,10245.0,24510.599609375,12615.4501953125,15.1899995803833
2018-04-04,10128.400390625,24129.5,12490.849609375,16.34000015258789
2018-04-05,10325.150390625,24759.80078125,12682.5498046875,14.800000190734863
2018-04-06,10331.599609375,24873.150390625,12603.349609375,14.75
2018-04-09,10379.349609375,25093.80078125,12531.2001953125,14.869999885559082
2018-04-10,10402.25,25226.80078125,12576.5498046875,14.5
2018-04-11,10417.150390625,25098.25,12759.099609375,14.720000267028809
2018-04-12,10458.650390625,25195.099609375,13168.2001953125,14.5600004196167
2018-04-13,10480.599609375,25200.599609375,13260.4501953125,14.140000343322754
2018-04-16,10528.349609375,25320.849609375,13203.099609375,14.260000228881836
2018-04-17,10548.7001953125,25334.44921875,13162.2998046875,14.039999961853027
2018-04-18,10526.2001953125,25102.30078125,13124.0,14.109999656677246
2018-04-19,10565.2998046875,25126.150390625,13273.4501953125,13.75
2018-04-20,10564.0498046875,24943.849609375,13910.349609375,12.9399995803833
2018-04-23,10584.7001953125,24960.650390625,14013.9501953125,13.149999618530273
2018-04-24,10614.349609375,25042.099609375,13734.7998046875,11.899999618530273
2018-04-25,10570.5498046875,24814.400390625,13892.400390625,12.399999618530273
2018-04-26,10617.7998046875,25010.900390625,14026.650390625,12.039999961853027
2018-04-27,10692.2998046875,25394.599609375,13794.900390625,12.020000457763672
2018-04-30,10739.349609375,25531.599609375,13986.25,12.359999656677246
2018-05-02,10718.0498046875,25568.30078125,13754.2998046875,12.84000015258789
2018-05-03,10679.650390625,25605.25,13473.9501953125,12.989999771118164
2018-05-04,10618.25,25645.400390625,13453.2998046875,13.25
2018-05-07,10715.5,25852.05078125,13424.900390625,13.760000228881836
2018-05-08,10717.7998046875,26090.5,13379.650390625,14.0600004196167
2018-05-09,10741.7001953125,26154.44921875,13453.400390625,14.270000457763672
2018-05-10,10716.5498046875,26131.0,13427.2998046875,14.430000305175781
2018-05-11,10806.5,26413.150390625,13478.599609375,13.979999542236328
2018-05-14,10806.599609375,26475.150390625,13446.150390625,14.25
2018-05-15,10801.849609375,26474.0,13504.9501953125,13.170000076293945
2018-05-16,10741.099609375,26182.150390625,13525.599609375,13.4399995803833
2018-05-17,10682.7001953125,26073.80078125,13504.75,13.40999984741211
2018-05-18,10596.400390625,25875.599609375,13459.150390625,14.149999618530273
2018-05-21,10516.7001953125,25750.80078125,13483.849609375,14.40999984741211
2018-05-22,10536.7001953125,25777.69921875,13484.5498046875,13.600000381469727
2018-05-23,10430.349609375,25684.94921875,13464.349609375,14.15999984741211
2018-05-24,10513.849609375,26016.80078125,13775.7001953125,13.149999618530273
2018-05-25,10605.150390625,26273.55078125,13762.349609375,12.649999618530273
2018-05-28,10688.650390625,26614.25,13497.7001953125,13.0600004196167
2018-05-29,10633.2998046875,26254.80078125,13561.0498046875,13.069999694824219
2018-05-30,10614.349609375,26327.80078125,13557.7001953125,13.40999984741211
2018-05-31,10736.150390625,26956.19921875,13666.0,13.220000267028809
2018-06-01,10696.2001953125,26692.80078125,13558.5498046875,13.569999694824219
2018-06-04,10628.5,26257.55078125,13595.099609375,13.880000114440918
2018-06-05,10593.150390625,26251.0,13408.900390625,13.319999694824219
2018-06-06,10684.650390625,26367.599609375,13528.7998046875,12.550000190734863
2018-06-07,10768.349609375,26517.80078125,13683.75,12.779999732971191
2018-06-08,10767.650390625,26451.349609375,13769.7998046875,12.699999809265137
2018-06-11,10786.9501953125,26453.55078125,13775.099609375,13.180000305175781
2018-06-12,10842.849609375,26607.099609375,13859.849609375,12.729999542236328
2018-06-13,10856.7001953125,26642.80078125,14034.150390625,12.640000343322754
2018-06-14,10808.0498046875,26562.25,13825.400390625,12.100000381469727
2018-06-15,10817.7001953125,26417.400390625,14121.5,12.069999694824219
2018-06-18,10799.849609375,26409.30078125,14024.2001953125,12.380000114440918
2018-06-19,10710.4501953125,26265.75,13849.4501953125,12.920000076293945
2018-06-20,10772.0498046875,26557.69921875,13810.900390625,12.170000076293945
2018-06-21,10741.099609375,26496.94921875,13771.7001953125,12.449999809265137
2018-06-22,10821.849609375,26766.849609375,13777.099609375,12.020000457763672
2018-06-25,10762.4501953125,26609.69921875,13865.2001953125,12.579999923706055
2018-06-26,10769.150390625,26601.69921875,13943.5,12.800000190734863
2018-06-27,10671.400390625,26423.400390625,14018.400390625,13.510000228881836
2018-06-28,10589.099609375,26324.599609375,13873.7998046875,13.949999809265137
2018-06-29,10714.2998046875,26364.19921875,13989.5,12.9399995803833
2018-07-02,10657.2998046875,26230.30078125,14072.2998046875,13.369999885559082
2018-07-03,10699.900390625,26204.099609375,14222.5498046875,13.0
2018-07-04,10769.900390625,26433.94921875,14126.150390625,12.65999984741211
2018-07-05,10749.75,26503.30078125,13970.5,12.579999923706055
2018-07-06,10772.650390625,26493.849609375,14015.9501953125,12.4399995803833
2018-07-09,10852.900390625,26753.30078125,14108.849609375,12.390000343322754
2018-07-10,10947.25,26894.55078125,14222.75,12.399999618530273
2018-07-11,10948.2998046875,26816.19921875,14536.4501953125,12.779999732971191
2018-07-12,11023.2001953125,27026.55078125,14515.650390625,12.510000228881836
2018-07-13,11018.900390625,26935.94921875,14534.900390625,12.300000190734863
2018-07-16,10936.849609375,26679.80078125,14617.0498046875,12.949999809265137
2018-07-17,11008.0498046875,27008.099609375,14618.25,12.829999923706055
2018-07-18,10980.4501953125,26880.900390625,14631.7001953125,13.680000305175781
2018-07-19,10957.099609375,26789.650390625,14489.849609375,13.59000015258789
2018-07-20,11010.2001953125,26873.19921875,14701.400390625,13.539999961853027
2018-07-23,11084.75,27008.150390625,14683.2001953125,13.010000228881836
2018-07-24,11134.2998046875,26974.400390625,14663.900390625,12.470000267028809
2018-07-25,11132.0,27031.30078125,14575.349609375,12.210000038146973
2018-07-26,11167.2998046875,27406.400390625,14468.099609375,12.029999732971191
2018-07-27,11278.349609375,27634.400390625,14517.900390625,12.3100004196167
2018-07-30,11319.5498046875,27842.599609375,14420.5498046875,12.59000015258789
2018-07-31,11356.5,27764.150390625,14587.7998046875,12.479999542236328
2018-08-01,11346.2001953125,27596.599609375,14679.349609375,12.529999732971191
2018-08-02,11244.7001953125,27355.94921875,14552.599609375,12.5600004196167
2018-08-03,11360.7998046875,27695.5,14649.099609375,12.079999923706055
2018-08-06,11387.099609375,27898.5,14605.5498046875,12.5600004196167
2018-08-07,11389.4501953125,27875.900390625,14613.75,12.579999923706055
2018-08-08,11450.0,28062.44921875,14608.2001953125,12.539999961853027
2018-08-09,11470.7001953125,28320.0,14603.349609375,12.680000305175781
2018-08-10,11429.5,28124.25,14679.2998046875,12.850000381469727
2018-08-13,11355.75,27794.400390625,14880.25,13.399999618530273
2018-08-14,11435.099609375,28021.69921875,15009.25,13.279999732971191
2018-08-16,11385.0498046875,27826.55078125,15044.349609375,13.649999618530273
2018-08-17,11470.75,28128.55078125,15126.400390625,13.15999984741211
2018-08-20,11551.75,28274.25,14996.099609375,13.029999732971191
2018-08-21,11570.900390625,28257.900390625,15134.650390625,12.899999618530273
2018-08-23,11582.75,28027.900390625,15321.9501953125,12.760000228881836
2018-08-24,11557.099609375,27834.69921875,15260.0498046875,12.40999984741211
2018-08-27,11691.9501953125,28264.19921875,15514.9501953125,12.239999771118164
2018-08-28,11738.5,28269.650390625,15583.0498046875,12.430000305175781
2018-08-29,11691.900390625,28224.099609375,15524.9501953125,12.4399995803833
2018-08-30,11676.7998046875,28103.25,15529.849609375,12.40999984741211
2018-08-31,11680.5,28061.75,15811.400390625,12.600000381469727
2018-09-03,11582.349609375,27819.5,15724.7001953125,13.390000343322754
2018-09-04,11520.2998046875,27430.75,16048.7001953125,13.779999732971191
2018-09-05,11476.9501953125,27376.05078125,16039.900390625,13.649999618530273
2018-09-06,11536.900390625,27468.69921875,16081.650390625,13.720000267028809
2018-09-07,11589.099609375,27481.44921875,16104.7998046875,13.890000343322754
2018-09-10,11438.099609375,27201.75,16105.2998046875,15.199999809265137
2018-09-11,11287.5,26807.5,15993.2001953125,15.329999923706055
2018-09-12,11369.900390625,26819.19921875,16054.0498046875,14.25
2018-09-14,11515.2001953125,27163.849609375,16072.5,13.84000015258789
2018-09-17,11377.75,26820.30078125,16119.7998046875,14.5
2018-09-18,11278.900390625,26441.44921875,16031.0,14.420000076293945
2018-09-19,11234.349609375,26277.349609375,16063.9501953125,14.010000228881836
2018-09-21,11143.099609375,25596.900390625,15833.5,15.539999961853027
2018-09-24,10967.400390625,24970.349609375,16175.2998046875,17.43000030517578
2018-09-25,11067.4501953125,25330.349609375,16234.900390625,16.68000030517578
2018-09-26,11053.7998046875,25376.30078125,15932.4501953125,17.09000015258789
2018-09-27,10977.5498046875,25042.150390625,16018.0,16.920000076293945
2018-09-28,10930.4501953125,25119.849609375,15838.0498046875,17.0
2018-10-01,11008.2998046875,25367.0,16213.599609375,16.84000015258789
2018-10-03,10858.25,25069.900390625,15909.7998046875,18.1200008392334
2018-10-04,10599.25,24819.30078125,15441.099609375,18.920000076293945
2018-10-05,10316.4501953125,24443.44921875,15591.650390625,19.729999542236328
2018-10-08,10348.0498046875,24618.349609375,15305.2001953125,20.149999618530273
2018-10-09,10301.0498046875,24527.650390625,15369.7998046875,19.760000228881836
2018-10-10,10460.099609375,25321.69921875,15143.2001953125,17.90999984741211
2018-10-11,10234.650390625,24783.94921875,14683.0,20.549999237060547
2018-10-12,10472.5,25395.849609375,14539.2001953125,18.6299991607666
2018-10-15,10512.5,25388.05078125,14797.2001953125,18.889999389648438
2018-10-16,10584.75,25589.650390625,14887.349609375,17.3700008392334
2018-10-17,10453.0498046875,25188.599609375,14949.599609375,17.979999542236328
2018-10-19,10303.5498046875,25085.80078125,14476.849609375,19.790000915527344
2018-10-22,10245.25,25078.599609375,14421.4501953125,21.360000610351562
2018-10-23,10146.7998046875,24972.44921875,14014.7001953125,19.040000915527344
2018-10-24,10224.75,25064.19921875,14049.150390625,18.8799991607666
2018-10-25,10124.900390625,24817.44921875,14070.7998046875,18.959999084472656
2018-10-26,10030.0,24421.05078125,13798.599609375,19.229999542236328
2018-10-29,10250.849609375,24959.69921875,14132.650390625,19.829999923706055
2018-10-30,10198.400390625,24807.75,14355.849609375,20.5
2018-10-31,10386.599609375,25153.25,14940.099609375,19.799999237060547
2018-11-01,10380.4501953125,25323.650390625,14622.0,19.190000534057617
2018-11-02,10553.0,25701.650390625,14396.7001953125,18.229999542236328
2018-11-05,10524.0,25732.19921875,14471.75,19.479999542236328
2018-11-06,10530.0,25598.0,14577.2998046875,18.510000228881836
2018-11-07,10598.400390625,25769.69921875,14683.099609375,17.719999313354492
2018-11-09,10585.2001953125,25771.0,14553.25,17.770000457763672
2018-11-12,10482.2001953125,25539.75,14650.5,19.3700008392334
2018-11-13,10582.5,25768.599609375,14698.2001953125,18.700000762939453
2018-11-14,10576.2998046875,25930.150390625,14338.5,18.829999923706055
2018-11-15,10616.7001953125,26154.75,14354.150390625,18.450000762939453
2018-11-16,10682.2001953125,26245.55078125,14473.150390625,18.350000381469727
2018-11-19,10763.400390625,26300.69921875,14599.7998046875,19.260000228881836
2018-11-20,10656.2001953125,26113.349609375,14285.099609375,19.329999923706055
2018-11-21,10600.0498046875,26262.05078125,13879.150390625,19.559999465942383
2018-11-22,10526.75,25999.44921875,13835.7001953125,19.15999984741211
2018-11-26,10628.599609375,26365.599609375,14025.400390625,20.399999618530273
2018-11-27,10685.599609375,26443.099609375,14225.349609375,18.31999969482422
2018-11-28,10728.849609375,26457.94921875,14632.900390625,17.959999084472656
2018-11-29,10858.7001953125,26939.599609375,14465.2998046875,18.700000762939453
2018-11-30,10876.75,26862.94921875,14638.0498046875,19.15999984741211
2018-12-03,10883.75,26857.55078125,14740.400390625,18.219999313354492
2018-12-04,10869.5,26693.80078125,14999.900390625,18.110000610351562
2018-12-05,10782.900390625,26519.599609375,15012.9501953125,18.389999389648438
2018-12-06,10601.150390625,26198.30078125,14693.75,19.309999465942383
2018-12-07,10693.7001953125,26594.30078125,14662.900390625,18.59000015258789
2018-12-10,10488.4501953125,26102.650390625,14419.2001953125,20.440000534057617
2018-12-11,10549.150390625,26163.400390625,14579.599609375,17.950000762939453
2018-12-12,10737.599609375,26643.849609375,14738.5498046875,15.8100004196167
2018-12-13,10791.5498046875,26816.349609375,14841.0,15.550000190734863
2018-12-14,10805.4501953125,26826.0,14851.400390625,15.15999984741211
2018-12-17,10888.349609375,27015.80078125,14873.0498046875,14.539999961853027
2018-12-18,10908.7001953125,27174.69921875,14730.900390625,14.579999923706055
2018-12-19,10967.2998046875,27298.400390625,14591.7998046875,14.65999984741211
2018-12-20,10951.7001953125,27275.099609375,14542.150390625,14.329999923706055
2018-12-21,10754.0,26869.650390625,14207.849609375,15.989999771118164
2018-12-24,10663.5,26714.75,14247.75,15.75
2018-12-26,10729.849609375,26986.80078125,14158.900390625,15.920000076293945
2018-12-27,10779.7998046875,26878.55078125,14354.5,16.06999969482422
2018-12-28,10859.900390625,27125.25,14385.7998046875,15.270000457763672
2018-12-31,10862.5498046875,27160.19921875,14440.2998046875,16.0
2019-01-02,10792.5,27174.69921875,14447.099609375,16.389999389648438
2019-01-03,10672.25,26959.849609375,14322.150390625,16.790000915527344
2019-01-04,10727.349609375,27195.0,14146.150390625,16.15999984741211
2019-01-07,10771.7998046875,27304.55078125,14291.5,16.299999237060547
2019-01-08,10802.150390625,27509.5,14285.7001953125,15.699999809265137
2019-01-09,10855.150390625,27720.400390625,14326.099609375,15.270000457763672
2019-01-10,10821.599609375,27528.55078125,14323.25,15.350000381469727
2019-01-11,10794.9501953125,27453.900390625,14307.099609375,15.350000381469727
2019-01-14,10737.599609375,27248.25,14223.599609375,16.15999984741211
2019-01-15,10886.7998046875,27400.75,14658.5,15.579999923706055
2019-01-16,10890.2998046875,27483.69921875,14707.7998046875,16.079999923706055
2019-01-17,10905.2001953125,27528.75,14800.25,16.239999771118164
2019-01-18,10906.9501953125,27456.69921875,14893.0,16.6200008392334
2019-01-21,10961.849609375,27533.599609375,14966.400390625,18.149999618530273
2019-01-22,10922.75,27482.25,14962.599609375,17.989999771118164
2019-01-23,10831.5,27250.75,14888.75,18.09000015258789
2019-01-24,10849.7998046875,27266.400390625,14971.900390625,17.43000030517578
2019-01-25,10780.5498046875,27115.30078125,15039.2998046875,17.690000534057617
2019-01-28,10661.5498046875,26653.05078125,15120.150390625,18.899999618530273
2019-01-29,10652.2001953125,26573.400390625,15231.2998046875,18.43000030517578
2019-01-30,10651.7998046875,26825.5,15255.2001953125,17.850000381469727
2019-01-31,10830.9501953125,27295.44921875,15499.2998046875,17.1200008392334
2019-02-01,10893.650390625,27085.94921875,15724.2998046875,15.720000267028809
2019-02-04,10912.25,27186.599609375,15754.7998046875,15.720000267028809
2019-02-05,10934.349609375,27271.69921875,15738.7001953125,15.779999732971191
2019-02-06,11062.4501953125,27402.349609375,16055.599609375,15.630000114440918
2019-02-07,11069.400390625,27387.150390625,16085.849609375,15.4399995803833
2019-02-08,10943.599609375,27294.400390625,16019.7998046875,15.569999694824219
2019-02-11,10888.7998046875,27227.80078125,16099.0498046875,15.84000015258789
2019-02-12,10831.400390625,27010.75,15938.650390625,15.75
2019-02-14,10746.0498046875,26970.599609375,15861.650390625,15.770000457763672
2019-02-15,10724.400390625,26794.25,15815.599609375,16.459999084472656
2019-02-18,10640.9501953125,26654.25,15659.0,18.0
2019-02-19,10604.349609375,26684.849609375,15333.5,18.469999313354492
2019-02-20,10735.4501953125,26955.5,15609.4501953125,17.059999465942383
2019-02-21,10789.849609375,27052.400390625,15588.900390625,16.049999237060547
2019-02-22,10791.650390625,26867.55078125,15684.7001953125,15.449999809265137
2019-02-25,10880.099609375,27159.25,16003.7001953125,15.359999656677246
2019-02-26,10835.2998046875,26952.94921875,15989.599609375,17.110000610351562
2019-02-27,10806.650390625,26799.30078125,15902.099609375,18.899999618530273
2019-02-28,10792.5,26789.900390625,15732.0,18.280000686645508
2019-03-01,10863.5,27043.900390625,15848.2998046875,16.270000457763672
2019-03-05,10987.4501953125,27554.05078125,15664.099609375,15.65999984741211
2019-03-06,11053.0,27625.650390625,15735.0498046875,15.609999656677246
2019-03-07,11058.2001953125,27764.599609375,15582.099609375,15.289999961853027
2019-03-08,11035.400390625,27761.80078125,15408.7001953125,14.9399995803833
2019-03-11,11168.0498046875,27966.650390625,15388.5,14.899999618530273
2019-03-12,11301.2001953125,28443.69921875,15384.5498046875,15.100000381469727
2019-03-13,11341.7001953125,28884.30078125,15342.900390625,15.279999732971191
2019-03-14,11343.25,28923.099609375,15260.4501953125,15.149999618530273
2019-03-15,11426.849609375,29381.44921875,15546.599609375,15.869999885559082
2019-03-18,11462.2001953125,29596.099609375,15359.4501953125,16.899999618530273
2019-03-19,11532.400390625,29767.849609375,15495.5498046875,16.489999771118164
2019-03-20,11521.0498046875,29832.19921875,15599.25,16.030000686645508
2019-03-22,11456.900390625,29582.5,15551.099609375,16.270000457763672
2019-03-25,11354.25,29281.19921875,15416.849609375,16.670000076293945
2019-03-26,11483.25,29882.150390625,15356.599609375,16.489999771118164
2019-03-27,11445.0498046875,30019.80078125,15339.400390625,17.049999237060547
2019-03-28,11570.0,30420.55078125,15566.75,16.649999618530273
2019-04-01,11669.150390625,30326.5,15840.650390625,18.010000228881836
2019-04-02,11713.2001953125,30354.25,15988.400390625,18.079999923706055
2019-04-03,11643.9501953125,30093.30078125,15962.9501953125,18.780000686645508
2019-04-04,11598.0,29904.900390625,15744.7998046875,18.649999618530273
2019-04-05,11665.9501953125,30084.650390625,15923.0498046875,18.389999389648438
2019-04-08,11604.5,29845.30078125,16028.25,20.149999618530273
2019-04-09,11671.9501953125,30113.849609375,16121.599609375,20.280000686645508
2019-04-10,11584.2998046875,29803.5,15999.150390625,21.1299991607666
2019-04-11,11596.7001953125,29786.099609375,15874.75,20.959999084472656
2019-04-12,11643.4501953125,29938.55078125,15911.099609375,21.0
2019-04-15,11690.349609375,30104.25,16113.7001953125,21.389999389648438
2019-04-16,11787.150390625,30531.349609375,16084.900390625,21.690000534057617
2019-04-18,11752.7998046875,30223.400390625,16079.2998046875,22.739999771118164
2019-04-22,11594.4501953125,29687.94921875,16150.599609375,24.049999237060547
2019-04-23,11575.9501953125,29479.69921875,16166.2998046875,24.649999618530273
2019-04-24,11726.150390625,29860.80078125,16370.349609375,23.709999084472656
2019-04-25,11641.7998046875,29561.349609375,16352.7998046875,23.229999542236328
2019-04-26,11754.650390625,30013.5,16504.44921875,21.719999313354492
2019-04-30,11748.150390625,29764.80078125,16705.400390625,21.829999923706055
2019-05-02,11724.75,29708.599609375,16403.69921875,22.979999542236328
2019-05-03,11712.25,29954.150390625,16092.9501953125,24.030000686645508
2019-05-06,11598.25,29618.44921875,16111.349609375,26.43000030517578
2019-05-07,11497.900390625,29288.19921875,16135.75,26.479999542236328
2019-05-08,11359.4501953125,28994.400390625,16061.599609375,26.3700008392334
2019-05-09,11301.7998046875,28884.599609375,16132.849609375,25.489999771118164
2019-05-10,11278.900390625,29040.5,15949.599609375,26.34000015258789
2019-05-13,11148.2001953125,28659.94921875,15955.2998046875,27.3799991607666
2019-05-14,11222.0498046875,28829.19921875,15762.75,27.1299991607666
2019-05-15,11157.0,28616.44921875,15776.7998046875,28.65999984741211
2019-05-16,11257.099609375,28855.30078125,15934.0,28.3700008392334
2019-05-17,11407.150390625,29450.150390625,15843.400390625,28.079999923706055
2019-05-20,11828.25,30759.69921875,15968.2001953125,23.68000030517578
2019-05-21,11709.099609375,30308.400390625,15766.9501953125,25.649999618530273
2019-05-22,11737.900390625,30526.80078125,15666.150390625,27.6299991607666
2019-05-23,11657.0498046875,30409.099609375,15538.849609375,19.40999984741211
2019-05-24,11844.099609375,31212.55078125,15569.849609375,16.469999313354492
2019-05-27,11924.75,31647.650390625,15556.650390625,16.190000534057617
2019-05-28,11928.75,31597.900390625,15762.0498046875,15.920000076293945
2019-05-29,11861.099609375,31295.55078125,15865.599609375,16.40999984741211
2019-05-30,11945.900390625,31537.099609375,15997.349609375,15.609999656677246
2019-05-31,11922.7998046875,31375.400390625,16160.650390625,16.06999969482422
2019-06-03,12088.5498046875,31653.650390625,16360.5498046875,15.970000267028809
2019-06-04,12021.650390625,31589.05078125,16105.2001953125,15.630000114440918
2019-06-06,11843.75,30857.400390625,16012.099609375,15.529999732971191
2019-06-07,11870.650390625,31066.55078125,16109.849609375,14.859999656677246
2019-06-10,11922.7001953125,31034.0,16362.400390625,14.979999542236328
2019-06-11,11965.599609375,31265.44921875,16448.099609375,14.489999771118164
2019-06-12,11906.2001953125,30965.69921875,16425.94921875,14.119999885559082
2019-06-13,11914.0498046875,30976.099609375,16316.599609375,13.65999984741211
2019-06-14,11823.2998046875,30614.349609375,16268.2001953125,13.899999618530273
2019-06-17,11672.150390625,30273.25,16228.2001953125,14.649999618530273
2019-06-18,11691.5,30351.0,16322.5,14.600000381469727
2019-06-19,11691.4501953125,30362.099609375,16282.7001953125,14.729999542236328
2019-06-20,11831.75,30781.099609375,16316.9501953125,14.0
2019-06-21,11724.099609375,30628.349609375,16189.400390625,14.609999656677246
2019-06-24,11699.650390625,30602.05078125,16187.400390625,15.220000267028809
2019-06-25,11796.4501953125,30847.05078125,16214.4501953125,15.010000228881836
2019-06-26,11847.5498046875,31162.349609375,16101.75,14.75
2019-06-27,11841.5498046875,31269.5,15991.7998046875,14.649999618530273
2019-06-28,11788.849609375,31105.19921875,15936.4501953125,14.949999809265137
2019-07-01,11865.599609375,31372.19921875,15916.7001953125,14.600000381469727
2019-07-02,11910.2998046875,31283.30078125,16074.099609375,14.25
2019-07-03,11916.75,31382.30078125,15927.650390625,13.699999809265137
2019-07-04,11946.75,31471.849609375,15942.400390625,13.529999732971191
2019-07-05,11811.150390625,31475.80078125,15550.0498046875,13.069999694824219
2019-07-08,11558.599609375,30603.849609375,15376.0,13.850000381469727
2019-07-09,11555.900390625,30569.150390625,15254.5,13.6899995803833
2019-07-10,11498.900390625,30522.099609375,15168.599609375,13.640000343322754
2019-07-11,11582.900390625,30716.55078125,15214.2998046875,12.470000267028809
2019-07-12,11552.5,30601.44921875,15227.400390625,12.0
2019-07-15,11588.349609375,30445.94921875,15662.0498046875,12.020000457763672
2019-07-16,11662.599609375,30570.80078125,15580.4501953125,11.5600004196167
2019-07-17,11687.5,30735.5,15676.0,11.800000190734863
2019-07-18,11596.900390625,30430.599609375,15498.5,11.75
2019-07-19,11419.25,29770.349609375,15383.650390625,12.520000457763672
2019-07-22,11346.2001953125,29284.94921875,15448.25,13.010000228881836
2019-07-23,11331.0498046875,29128.099609375,15493.400390625,13.430000305175781
2019-07-24,11271.2998046875,28952.25,15380.75,12.760000228881836
2019-07-25,11252.150390625,29043.05078125,15474.650390625,12.640000343322754
2019-07-26,11284.2998046875,29325.30078125,15348.0498046875,12.130000114440918
2019-07-29,11189.2001953125,29295.900390625,15400.849609375,13.0600004196167
2019-07-30,11085.400390625,28791.599609375,15501.650390625,13.609999656677246
2019-07-31,11118.0,28876.0,15620.2001953125,13.59000015258789
2019-08-01,10980.0,28367.25,15332.099609375,14.5600004196167
2019-08-02,10997.349609375,28204.94921875,15422.099609375,15.1899995803833
2019-08-05,10862.599609375,27648.05078125,15518.5498046875,16.59000015258789
2019-08-06,10948.25,28022.099609375,15514.7998046875,16.1200008392334
2019-08-07,10855.5,27702.05078125,15583.349609375,16.739999771118164
2019-08-08,11032.4501953125,28110.44921875,15867.9501953125,16.09000015258789
2019-08-09,11109.650390625,28431.900390625,15821.349609375,15.850000381469727
2019-08-13,10925.849609375,27729.099609375,15424.400390625,17.780000686645508
2019-08-14,11029.400390625,28019.19921875,15466.25,16.360000610351562
2019-08-16,11047.7998046875,28217.0,15365.349609375,16.649999618530273
2019-08-19,11053.900390625,28186.099609375,15415.150390625,16.75
2019-08-20,11017.0,27982.44921875,15597.75,16.6299991607666
2019-08-21,10918.7001953125,27719.05078125,15578.150390625,17.020000457763672
2019-08-22,10741.349609375,27034.19921875,15632.0,17.850000381469727
2019-08-23,10829.349609375,26958.650390625,15816.599609375,17.350000381469727
2019-08-26,11057.849609375,27951.349609375,15890.2001953125,16.65999984741211
2019-08-27,11105.349609375,28126.150390625,15675.2998046875,16.010000228881836
2019-08-28,11046.099609375,27804.30078125,15879.900390625,16.84000015258789
2019-08-29,10948.2998046875,27305.19921875,15884.5498046875,16.43000030517578
2019-08-30,11023.25,27427.849609375,16010.400390625,16.280000686645508
2019-09-03,10797.900390625,26824.150390625,15984.900390625,18.059999465942383
2019-09-04,10844.650390625,27123.849609375,16032.5,17.239999771118164
2019-09-05,10847.900390625,26919.69921875,16030.9501953125,17.270000457763672
2019-09-06,10946.2001953125,27247.900390625,16034.5498046875,16.270000457763672
2019-09-09,11003.0498046875,27504.650390625,15919.400390625,15.850000381469727
2019-09-11,11035.7001953125,27776.19921875,15701.7998046875,15.369999885559082
2019-09-12,10982.7998046875,27818.5,15583.25,14.899999618530273
2019-09-13,11075.900390625,28098.75,15722.900390625,14.119999885559082
2019-09-16,11003.5,27855.0,15743.150390625,14.949999809265137
2019-09-17,10817.599609375,27131.75,15625.650390625,16.020000457763672
2019-09-18,10840.650390625,27172.650390625,15702.2998046875,15.350000381469727
2019-09-19,10704.7998046875,26757.650390625,15522.4501953125,15.550000190734863
2019-09-20,11274.2001953125,28981.55078125,15491.099609375,15.399999618530273
2019-09-23,11600.2001953125,30566.19921875,15040.650390625,16.790000915527344
2019-09-24,11588.2001953125,30183.099609375,15338.650390625,16.729999542236328
2019-09-25,11440.2001953125,29586.05078125,15379.900390625,16.170000076293945
2019-09-26,11571.2001953125,30002.599609375,15312.900390625,16.34000015258789
2019-09-27,11512.400390625,29876.650390625,15236.400390625,16.110000610351562
2019-09-30,11474.4501953125,29103.150390625,15540.150390625,15.869999885559082
2019-10-01,11359.900390625,28725.5,15300.25,16.760000228881836
2019-10-03,11314.0,28414.099609375,15277.9501953125,17.700000762939453
2019-10-04,11174.75,27731.849609375,15340.2998046875,17.579999923706055
2019-10-07,11126.400390625,27767.55078125,15246.75,17.829999923706055
2019-10-09,11313.2998046875,28785.849609375,15128.75,17.15999984741211
2019-10-10,11234.5498046875,28013.44921875,15093.7998046875,17.229999542236328
2019-10-11,11305.0498046875,28042.5,15321.900390625,17.139999389648438
2019-10-14,11341.150390625,28181.94921875,15277.75,17.43000030517578
2019-10-15,11428.2998046875,28555.099609375,15208.400390625,16.850000381469727
2019-10-16,11464.0,28538.80078125,15344.9501953125,16.360000610351562
2019-10-17,11586.349609375,28989.44921875,15281.900390625,15.880000114440918
2019-10-18,11661.849609375,29120.25,15410.099609375,15.930000305175781
2019-10-22,11588.349609375,29411.150390625,14688.650390625,16.809999465942383
2019-10-23,11604.099609375,29459.599609375,14833.349609375,16.540000915527344
2019-10-24,11582.599609375,29107.94921875,14781.5,16.239999771118164
2019-10-25,11583.900390625,29395.94921875,14898.849609375,15.319999694824219
2019-10-29,11786.849609375,29873.05078125,15181.400390625,16.420000076293945
2019-10-30,11844.099609375,29987.5,15395.650390625,16.65999984741211
2019-10-31,11877.4501953125,30066.25,15559.400390625,16.280000686645508
2019-11-01,11890.599609375,30330.55078125,15471.2001953125,15.729999542236328
2019-11-04,11941.2998046875,30333.099609375,15591.2998046875,15.930000305175781
2019-11-05,11917.2001953125,30219.849609375,15533.4501953125,15.920000076293945
2019-11-06,11966.0498046875,30609.599609375,15561.2998046875,15.779999732971191
2019-11-07,12012.0498046875,30633.150390625,15624.400390625,15.210000038146973
2019-11-08,11908.150390625,30749.400390625,15383.2998046875,15.859999656677246
2019-11-11,11913.4501953125,31115.55078125,15308.5498046875,16.25
2019-11-13,11840.4501953125,30541.55078125,15240.9501953125,16.459999084472656
2019-11-14,11872.099609375,30749.94921875,15388.75,15.649999618530273
2019-11-15,11895.4501953125,31008.400390625,15310.650390625,15.029999732971191
2019-11-18,11884.5,30992.099609375,15295.25,15.760000228881836
2019-11-19,11940.099609375,31236.25,15304.849609375,15.40999984741211
2019-11-20,11999.099609375,31353.849609375,15318.5,15.15999984741211
2019-11-21,11968.400390625,31349.94921875,15293.9501953125,14.979999542236328
2019-11-22,11914.400390625,31111.599609375,14995.900390625,14.869999885559082
2019-11-25,12073.75,31555.900390625,15100.599609375,15.0
2019-11-26,12037.7001953125,31718.349609375,14922.150390625,14.84000015258789
2019-11-27,12100.7001953125,31875.94921875,15022.150390625,14.619999885559082
2019-11-28,12151.150390625,32122.94921875,15121.7998046875,13.989999771118164
2019-11-29,12056.0498046875,31946.099609375,14998.0498046875,13.899999618530273
2019-12-02,12048.2001953125,31871.44921875,14852.0,14.199999809265137
2019-12-03,11994.2001953125,31613.349609375,14920.75,14.5600004196167
2019-12-04,12043.2001953125,31979.30078125,15175.150390625,13.319999694824219
2019-12-05,12018.400390625,31712.94921875,15367.5,14.3100004196167
2019-12-06,11921.5,31341.55078125,15289.599609375,13.640000343322754
2019-12-09,11937.5,31316.650390625,15157.150390625,14.600000381469727
2019-12-10,11856.7998046875,31160.349609375,14946.5498046875,14.289999961853027
2019-12-11,11910.150390625,31256.75,15130.2998046875,13.380000114440918
2019-12-12,11971.7998046875,31665.44921875,14972.650390625,13.350000381469727
2019-12-13,12086.7001953125,32014.25,15200.5498046875,13.300000190734863
2019-12-16,12053.9501953125,31974.19921875,15348.75,13.420000076293945
2019-12-17,12165.0,32140.25,15637.150390625,12.520000457763672
2019-12-18,12221.650390625,32244.25,15710.650390625,12.34000015258789
2019-12-19,12259.7001953125,32241.44921875,15812.9501953125,12.119999885559082
2019-12-20,12271.7998046875,32384.94921875,15844.5498046875,12.329999923706055
2019-12-23,12262.75,32339.44921875,15865.5,11.960000038146973
2019-12-24,12214.5498046875,32280.75,15778.2001953125,11.630000114440918
2019-12-26,12126.5498046875,31997.69921875,15706.4501953125,11.119999885559082
2019-12-27,12245.7998046875,32412.349609375,15780.7001953125,10.529999732971191
2019-12-30,12255.849609375,32354.900390625,15775.0,11.010000228881836
2019-12-31,12168.4501953125,32161.650390625,15652.400390625,11.670000076293945
2020-01-02,12282.2001953125,32443.849609375,15709.650390625,11.489999771118164
2020-01-03,12226.650390625,32069.25,15936.599609375,12.699999809265137
2020-01-06,11993.0498046875,31237.150390625,15879.7998046875,14.779999732971191
2020-01-07,12052.9501953125,31399.400390625,15895.2001953125,14.609999656677246
2020-01-08,12025.349609375,31373.650390625,15953.4501953125,15.640000343322754
2020-01-09,12215.900390625,32092.400390625,15925.150390625,14.0
2020-01-10,12256.7998046875,32097.400390625,15959.900390625,14.079999923706055
2020-01-13,12329.5498046875,32177.650390625,16225.900390625,14.279999732971191
2020-01-14,12362.2998046875,32071.650390625,16362.349609375,13.90999984741211
2020-01-15,12343.2998046875,31824.900390625,16346.849609375,14.119999885559082
2020-01-16,12355.5,31853.900390625,16381.650390625,14.180000305175781
2020-01-17,12352.349609375,31590.650390625,16356.599609375,14.130000114440918
2020-01-20,12224.5498046875,31080.650390625,16207.150390625,15.40999984741211
2020-01-21,12169.849609375,30947.55078125,16175.2001953125,15.859999656677246
2020-01-22,12106.900390625,30701.44921875,16334.5498046875,16.360000610351562
2020-01-23,12180.349609375,31004.05078125,16474.400390625,15.859999656677246
2020-01-24,12248.25,31241.75,16472.75,15.5600004196167
2020-01-27,12119.0,30837.400390625,16393.55078125,17.18000030517578
2020-01-28,12055.7998046875,30761.400390625,16429.75,17.299999237060547
2020-01-29,12129.5,30877.0,16479.30078125,16.5
2020-01-30,12035.7998046875,30647.400390625,16327.900390625,16.799999237060547
2020-01-31,11962.099609375,30833.599609375,16144.150390625,17.3700008392334
2020-02-03,11707.900390625,30023.25,16059.900390625,15.779999732971191
2020-02-04,11979.650390625,30686.69921875,16350.849609375,14.380000114440918
2020-02-05,12089.150390625,31001.94921875,16448.55078125,14.170000076293945
2020-02-06,12137.9501953125,31304.05078125,16371.150390625,13.779999732971191
2020-02-07,12098.349609375,31201.94921875,16470.150390625,13.75
2020-02-10,12031.5,31058.150390625,16431.94921875,14.210000038146973
2020-02-11,12107.900390625,31300.599609375,16452.30078125,13.880000114440918
2020-02-12,12201.2001953125,31492.900390625,16538.099609375,13.619999885559082
2020-02-13,12174.650390625,31230.25,16673.05078125,13.369999885559082
2020-02-14,12113.4501953125,30834.80078125,16642.75,13.619999885559082
2020-02-17,12045.7998046875,30680.69921875,16647.69921875,14.420000076293945
2020-02-18,11992.5,30562.5,16748.75,14.510000228881836
2020-02-19,12125.900390625,30838.19921875,16772.5,14.020000457763672
2020-02-20,12080.849609375,30942.849609375,16649.400390625,13.699999809265137
2020-02-24,11829.400390625,30455.099609375,16461.80078125,17.0
2020-02-25,11797.900390625,30432.69921875,16562.5,16.899999618530273
2020-02-26,11678.5,30306.849609375,16332.25,18.260000228881836
2020-02-27,11633.2998046875,30187.0,16123.7998046875,17.770000457763672
2020-02-28,11201.75,29147.150390625,15212.9501953125,23.239999771118164
2020-03-02,11132.75,28868.400390625,15427.650390625,25.200000762939453
2020-03-03,11303.2998046875,29177.05078125,15723.2001953125,24.540000915527344
2020-03-04,11251.0,28653.69921875,15864.2998046875,24.229999542236328
2020-03-05,11269.0,28815.349609375,15871.349609375,23.25
2020-03-06,10989.4501953125,27801.44921875,15663.5,25.639999389648438
2020-03-09,10451.4501953125,26462.599609375,14854.900390625,30.799999237060547
2020-03-11,10458.400390625,26487.80078125,14681.400390625,31.559999465942383
2020-03-12,9590.150390625,23971.150390625,13384.849609375,41.15999984741211
2020-03-13,9955.2001953125,25166.44921875,13539.099609375,51.470001220703125
2020-03-16,9197.400390625,23101.150390625,12451.349609375,58.880001068115234
2020-03-17,8967.0498046875,22155.150390625,12099.25,62.93000030517578
2020-03-18,8468.7998046875,20580.19921875,11753.0,63.959999084472656
2020-03-19,8263.4501953125,20083.5,11340.0,72.19999694824219
2020-03-20,8745.4501953125,20317.599609375,12363.4501953125,67.0999984741211
2020-03-23,7610.25,16917.650390625,11179.599609375,71.98999786376953
2020-03-24,7801.0498046875,17107.30078125,11865.0498046875,83.61000061035156
2020-03-25,8317.849609375,18481.05078125,12233.349609375,77.62999725341797
2020-03-26,8641.4501953125,19613.900390625,12535.599609375,71.52999877929688
2020-03-27,8660.25,19969.0,12569.099609375,70.38999938964844
2020-03-30,8281.099609375,18782.400390625,12318.7998046875,71.88999938964844
2020-03-31,8597.75,19144.0,12763.650390625,64.41000366210938
2020-04-01,8253.7998046875,18208.349609375,12045.849609375,60.04999923706055
2020-04-03,8083.7998046875,17249.30078125,11680.0498046875,55.29999923706055
2020-04-07,8792.2001953125,19062.5,12588.9501953125,51.79999923706055
2020-04-08,8748.75,18946.44921875,12491.5498046875,52.2400016784668
2020-04-09,9111.900390625,19913.599609375,12728.5498046875,49.75
2020-04-13,8993.849609375,19488.0,12603.099609375,51.459999084472656
2020-04-15,8925.2998046875,19057.05078125,12702.599609375,49.7400016784668
2020-04-16,8992.7998046875,19400.0,12463.599609375,46.099998474121094
2020-04-17,9266.75,20681.44921875,12649.25,42.59000015258789
2020-04-20,9261.849609375,20522.650390625,12847.650390625,43.459999084472656
2020-04-21,8981.4501953125,19409.349609375,12408.849609375,45.20000076293945
2020-04-22,9187.2998046875,19701.849609375,12571.2998046875,42.81999969482422
2020-04-23,9313.900390625,20267.94921875,13128.2001953125,39.22999954223633
2020-04-24,9154.400390625,19586.650390625,12816.2001953125,39.119998931884766
2020-04-27,9282.2998046875,20081.150390625,13121.150390625,38.040000915527344
2020-04-28,9380.900390625,20671.099609375,13133.650390625,35.349998474121094
2020-04-29,9553.349609375,21090.19921875,13424.9501953125,33.84000015258789
2020-04-30,9859.900390625,21534.5,14108.400390625,33.9900016784668
2020-05-04,9293.5,19743.75,13454.25,43.66999816894531
2020-05-05,9205.599609375,19271.75,13388.0498046875,43.61000061035156
2020-05-06,9270.900390625,19694.55078125,13394.7001953125,41.25
2020-05-07,9199.0498046875,19491.80078125,13292.7001953125,39.93000030517578
2020-05-08,9251.5,19352.900390625,13403.599609375,38.40999984741211
2020-05-11,9239.2001953125,18950.5,13593.5498046875,38.040000915527344
2020-05-12,9196.5498046875,18862.849609375,13687.75,38.209999084472656
2020-05-13,9383.5498046875,19634.94921875,13776.9501953125,38.84000015258789
2020-05-14,9142.75,19068.5,13293.75,38.18000030517578
2020-05-15,9136.849609375,18833.94921875,13196.349609375,38.02000045776367
2020-05-18,8823.25,17573.19921875,13314.400390625,40.91999816894531
2020-05-19,8879.099609375,17486.25,13446.599609375,39.45000076293945
2020-05-20,9066.5498046875,17840.19921875,13517.400390625,35.810001373291016
2020-05-21,9106.25,17735.099609375,13647.900390625,32.9900016784668
2020-05-22,9039.25,17278.900390625,13842.650390625,32.380001068115234
2020-05-26,9029.0498046875,17440.349609375,13574.9501953125,31.469999313354492
2020-05-27,9314.9501953125,18710.55078125,13952.900390625,31.270000457763672
2020-05-28,9490.099609375,19169.80078125,14028.599609375,30.020000457763672
2020-05-29,9580.2998046875,19297.25,14010.5,30.219999313354492
2020-06-01,9826.150390625,19959.900390625,14307.099609375,30.739999771118164
2020-06-02,9979.099609375,20530.19921875,14422.400390625,30.1200008392334
2020-06-03,10061.5498046875,20940.69921875,14361.7001953125,30.040000915527344
2020-06-04,10029.099609375,20390.44921875,14627.4501953125,29.690000534057617
2020-06-05,10142.150390625,21034.5,14627.4501953125,28.68000030517578
2020-06-08,10167.4501953125,21187.349609375,14894.599609375,29.649999618530273
2020-06-09,10046.650390625,20724.900390625,14737.849609375,30.209999084472656
2020-06-10,10116.150390625,21100.099609375,14842.0498046875,29.440000534057617
2020-06-11,9902.0,20525.150390625,14619.4501953125,29.65999984741211
2020-06-12,9972.900390625,20654.55078125,14402.75,30.81999969482422
2020-06-15,9813.7001953125,19912.900390625,14396.7001953125,32.58000183105469
2020-06-16,9914.0,20296.69921875,14450.7998046875,32.970001220703125
2020-06-17,9881.150390625,20201.75,14478.4501953125,33.349998474121094
2020-06-18,10091.650390625,20956.30078125,14551.25,31.459999084472656
2020-06-19,10244.400390625,21338.099609375,14499.7998046875,29.969999313354492
2020-06-22,10311.2001953125,21708.349609375,14463.7001953125,30.459999084472656
2020-06-23,10471.0,22264.900390625,14680.400390625,29.34000015258789
2020-06-24,10305.2998046875,21426.80078125,14581.4501953125,29.579999923706055
2020-06-25,10288.900390625,21506.150390625,14411.2001953125,29.729999542236328
2020-06-26,10383.0,21592.05078125,14994.650390625,28.739999771118164
2020-06-29,10312.400390625,21359.0,14768.0,28.90999984741211
2020-06-30,10302.099609375,21370.150390625,14754.2998046875,29.1200008392334
2020-07-01,10430.0498046875,21977.599609375,14732.150390625,28.1200008392334
2020-07-02,10551.7001953125,21953.19921875,15122.5498046875,26.510000228881836
2020-07-03,10607.349609375,21852.400390625,15285.900390625,25.770000457763672
2020-07-06,10763.650390625,22198.94921875,15464.9501953125,25.200000762939453
2020-07-07,10799.650390625,22628.0,15784.9501953125,25.100000381469727
2020-07-08,10705.75,22584.650390625,15513.650390625,26.100000381469727
2020-07-09,10813.4501953125,22907.19921875,15535.9501953125,24.90999984741211
2020-07-10,10768.0498046875,22398.44921875,15565.2001953125,24.940000534057617
2020-07-13,10802.7001953125,22089.25,15819.2001953125,25.25
2020-07-14,10607.349609375,21392.19921875,15640.5498046875,26.639999389648438
2020-07-15,10618.2001953125,21340.75,16459.849609375,26.290000915527344
2020-07-16,10739.9501953125,21597.150390625,16926.05078125,25.360000610351562
2020-07-17,10901.7001953125,21966.80078125,16821.349609375,24.15999984741211
2020-07-20,11022.2001953125,22321.849609375,17258.30078125,24.709999084472656
2020-07-21,11162.25,22782.0,17273.19921875,24.43000030517578
2020-07-22,11132.599609375,22882.599609375,17076.05078125,24.889999389648438
2020-07-23,11215.4501953125,23083.900390625,17045.19921875,24.639999389648438
2020-07-24,11194.150390625,22662.05078125,17286.0,24.540000915527344
2020-07-27,11131.7998046875,21848.75,17626.75,25.020000457763672
2020-07-28,11300.5498046875,22105.19921875,18042.75,23.639999389648438
2020-07-29,11202.849609375,22076.599609375,17880.5,24.110000610351562
2020-07-30,11102.150390625,21646.849609375,18003.55078125,24.729999542236328
2020-07-31,11073.4501953125,21640.05078125,18071.849609375,24.190000534057617
2020-08-03,10891.599609375,21072.099609375,17965.80078125,25.190000534057617
2020-08-04,11095.25,21490.5,17808.0,23.81999969482422
2020-08-05,11101.650390625,21509.94921875,17869.80078125,23.56999969482422
2020-08-06,11200.150390625,21642.599609375,18188.75,23.149999618530273
2020-08-07,11214.0498046875,21754.0,18004.150390625,22.579999923706055
2020-08-10,11270.150390625,21900.25,18159.55078125,22.510000228881836
2020-08-11,11322.5,22227.19921875,18057.099609375,21.360000610351562
2020-08-12,11308.400390625,22264.0,18066.0,20.850000381469727
2020-08-13,11300.4501953125,22196.349609375,18107.19921875,20.56999969482422
2020-08-14,11178.400390625,21679.400390625,18022.650390625,21.670000076293945
2020-08-17,11247.099609375,21700.849609375,18223.599609375,21.309999465942383
2020-08-18,11385.349609375,22170.599609375,18270.349609375,20.43000030517578
2020-08-19,11408.400390625,22285.900390625,18210.849609375,19.959999084472656
2020-08-20,11312.2001953125,21999.44921875,18126.099609375,20.6200008392334
2020-08-21,11371.599609375,22299.599609375,18065.30078125,19.940000534057617
2020-08-24,11466.4501953125,22833.0,18010.94921875,19.229999542236328
2020-08-25,11472.25,23092.150390625,17973.69921875,19.31999969482422
2020-08-26,11549.599609375,23414.19921875,18128.0,19.299999237060547
2020-08-27,11559.25,23600.349609375,18102.650390625,18.899999618530273
2020-08-28,11647.599609375,24523.80078125,18122.0,18.350000381469727
2020-08-31,11387.5,23754.349609375,17928.849609375,22.84000015258789
2020-09-01,11470.25,23812.0,17814.05078125,21.799999237060547
2020-09-02,11535.0,23874.55078125,18077.0,21.110000610351562
2020-09-03,11527.4501953125,23530.849609375,18348.55078125,20.5
2020-09-04,11333.849609375,23011.5,18073.94921875,22.149999618530273
2020-09-07,11355.0498046875,22945.05078125,18176.80078125,22.010000228881836
2020-09-08,11317.349609375,22744.400390625,18395.75,22.719999313354492
2020-09-09,11278.0,22267.0,18261.5,22.229999542236328
2020-09-10,11449.25,22466.19921875,18395.849609375,21.260000228881836
2020-09-11,11464.4501953125,22479.94921875,18633.25,20.709999084472656
2020-09-14,11440.0498046875,22101.25,19505.099609375,21.190000534057617
2020-09-15,11521.7998046875,22465.650390625,19627.30078125,20.600000381469727
2020-09-16,11604.5498046875,22573.55078125,19770.349609375,19.65999984741211
2020-09-17,11516.099609375,22320.349609375,19817.69921875,20.100000381469727
2020-09-18,11504.9501953125,22031.05078125,19827.099609375,20.049999237060547
2020-09-21,11250.5498046875,21366.80078125,19729.0,22.190000534057617
2020-09-22,11153.650390625,21139.099609375,19866.099609375,21.40999984741211
2020-09-23,11131.849609375,21178.5,19805.650390625,20.989999771118164
2020-09-24,10805.5498046875,20456.849609375,18973.05078125,23.510000228881836
2020-09-25,11050.25,20982.349609375,19629.349609375,20.68000030517578
2020-09-28,11227.5498046875,21665.5,19783.05078125,19.56999969482422
2020-09-29,11222.400390625,21411.30078125,19831.80078125,19.770000457763672
2020-09-30,11247.5498046875,21451.80078125,19951.349609375,19.530000686645508
2020-10-01,11416.9501953125,22246.0,20110.400390625,18.350000381469727
2020-10-05,11503.349609375,22370.94921875,20809.0,19.700000762939453
2020-10-06,11662.400390625,22853.69921875,20896.75,19.639999389648438
2020-10-07,11738.849609375,22964.80078125,21017.400390625,20.059999465942383
2020-10-08,11834.599609375,23191.349609375,21697.25,20.3799991607666
2020-10-09,11914.2001953125,23846.80078125,21837.650390625,20.3799991607666
2020-10-12,11930.9501953125,23712.80078125,22202.099609375,21.1299991607666
2020-10-13,11934.5,23492.19921875,22492.599609375,20.719999313354492
2020-10-14,11971.0498046875,23874.650390625,22204.05078125,20.209999084472656
2020-10-15,11680.349609375,23072.400390625,21567.30078125,22.059999465942383
2020-10-16,11762.4501953125,23533.25,21538.150390625,21.649999618530273
2020-10-19,11873.0498046875,24266.75,21391.900390625,21.81999969482422
2020-10-20,11896.7998046875,24311.80078125,21694.349609375,22.690000534057617
2020-10-21,11937.650390625,24635.05078125,21577.650390625,22.920000076293945
2020-10-22,11896.4501953125,24484.150390625,21413.5,22.639999389648438
2020-10-23,11930.349609375,24478.30078125,21523.599609375,21.829999923706055
2020-10-26,11767.75,24075.44921875,21265.69921875,22.829999923706055
2020-10-27,11889.400390625,24769.5,21023.400390625,22.200000762939453
2020-10-28,11729.599609375,24232.5,20810.30078125,23.280000686645508
2020-10-29,11670.7998046875,24092.0,20876.94921875,24.020000457763672
2020-10-30,11642.400390625,23900.900390625,20916.849609375,24.75
2020-11-02,11669.150390625,24892.5,20732.30078125,25.209999084472656
2020-11-03,11813.5,25682.80078125,20736.0,24.239999771118164
2020-11-04,11908.5,25771.599609375,21104.55078125,23.200000762939453
2020-11-05,12120.2998046875,26313.099609375,21385.650390625,20.969999313354492
2020-11-06,12263.5498046875,26798.94921875,21492.30078125,20.5
2020-11-09,12461.0498046875,27534.099609375,21820.150390625,20.110000610351562
2020-11-10,12631.099609375,28606.0,20978.5,21.579999923706055
2020-11-11,12749.150390625,28845.0,21330.5,22.030000686645508
2020-11-12,12690.7998046875,28278.80078125,21363.349609375,20.6200008392334
2020-11-13,12719.9501953125,28465.69921875,21436.849609375,19.700000762939453
2020-11-17,12874.2001953125,29181.30078125,21488.55078125,19.799999237060547
2020-11-18,12938.25,29749.849609375,21314.849609375,19.1200008392334
2020-11-19,12771.7001953125,28903.05078125,21114.44921875,19.56999969482422
2020-11-20,12859.0498046875,29236.0,21409.25,19.6200008392334
2020-11-23,12926.4501953125,29024.19921875,22007.05078125,20.799999237060547
2020-11-24,13055.150390625,29737.25,22064.30078125,21.059999465942383
2020-11-25,12858.400390625,29196.400390625,21705.900390625,23.1299991607666
2020-11-26,12987.0,29549.75,21859.900390625,20.020000457763672
2020-11-27,12968.9501953125,29609.05078125,21764.900390625,19.81999969482422
2020-12-01,13109.0498046875,29817.849609375,22170.900390625,20.18000030517578
2020-12-02,13113.75,29463.150390625,22319.0,19.90999984741211
2020-12-03,13133.900390625,29448.75,22202.19921875,19.0
2020-12-04,13258.5498046875,30052.400390625,22309.80078125,18.030000686645508
2020-12-07,13355.75,30211.55078125,22440.900390625,18.020000457763672
2020-12-08,13392.9501953125,30261.900390625,22617.400390625,18.6200008392334
2020-12-09,13529.099609375,30709.400390625,22803.44921875,18.920000076293945
2020-12-10,13478.2998046875,30510.349609375,22755.75,18.709999084472656
2020-12-11,13513.849609375,30604.849609375,22664.0,18.790000915527344
2020-12-14,13558.150390625,30745.900390625,22746.69921875,19.399999618530273
2020-12-15,13567.849609375,30691.05078125,22715.099609375,19.350000381469727
2020-12-16,13682.7001953125,30698.400390625,22906.25,19.200000762939453
2020-12-17,13740.7001953125,30847.05078125,22892.25,19.15999984741211
2020-12-18,13760.5498046875,30714.650390625,23256.599609375,18.6200008392334
2020-12-21,13328.400390625,29456.44921875,22844.599609375,23.190000534057617
2020-12-22,13466.2998046875,29625.94921875,23611.599609375,21.989999771118164
2020-12-23,13601.099609375,29883.30078125,24167.75,20.5
2020-12-24,13749.25,30402.19921875,24009.25,19.969999313354492
2020-12-28,13873.2001953125,30880.94921875,24100.30078125,20.43000030517578
2020-12-29,13932.599609375,31322.5,24274.05078125,20.790000915527344
2020-12-30,13981.9501953125,31303.05078125,24330.05078125,21.110000610351562
2020-12-31,13981.75,31264.05078125,24251.349609375,21.100000381469727
2021-01-04,14132.900390625,31212.44921875,25110.05078125,20.030000686645508
2021-01-05,14199.5,31722.25,25769.150390625,20.459999084472656
2021-01-06,14146.25,31797.900390625,25419.150390625,21.0
2021-01-07,14137.349609375,31956.0,25251.19921875,20.6200008392334
2021-01-08,14347.25,32084.19921875,26162.400390625,20.639999389648438
2021-01-11,14484.75,31998.900390625,27027.75,22.3799991607666
2021-01-12,14563.4501953125,32339.0,26982.099609375,22.850000381469727
2021-01-13,14564.849609375,32574.650390625,27004.30078125,23.290000915527344
2021-01-14,14595.599609375,32519.75,26965.55078125,23.030000686645508
2021-01-15,14433.7001953125,32246.80078125,26362.80078125,24.010000228881836
2021-01-18,14281.2998046875,31811.75,25916.25,24.399999618530273
2021-01-19,14521.150390625,32424.849609375,26043.5,22.899999618530273
2021-01-20,14644.7001953125,32543.69921875,26619.69921875,21.549999237060547
2021-01-21,14590.349609375,32186.900390625,26450.150390625,22.18000030517578
2021-01-25,14238.900390625,31198.400390625,26023.30078125,23.25
2021-01-27,13967.5,30284.55078125,25865.30078125,24.389999389648438
2021-01-28,13817.5498046875,30358.30078125,25301.25,24.290000915527344
2021-01-29,13634.599609375,30565.5,24645.75,25.34000015258789
2021-02-01,14281.2001953125,33089.05078125,24922.69921875,23.31999969482422
2021-02-02,14647.849609375,34267.8984375,25447.80078125,23.350000381469727
2021-02-03,14789.9501953125,34758.44921875,25680.900390625,23.75
2021-02-04,14895.650390625,35344.80078125,25570.05078125,23.1200008392334
2021-02-05,14924.25,35654.5,25331.599609375,23.420000076293945
2021-02-08,15115.7998046875,35983.6484375,25915.599609375,23.959999084472656
2021-02-09,15109.2998046875,36056.5,25779.150390625,24.270000457763672
2021-02-10,15106.5,35783.1015625,25885.30078125,23.950000762939453
2021-02-11,15173.2998046875,35752.1015625,26043.44921875,23.049999237060547
2021-02-12,15163.2998046875,36108.8984375,26093.80078125,22.040000915527344
2021-02-16,15313.4501953125,37098.3984375,25613.94921875,21.780000686645508
2021-02-18,15118.9501953125,36587.0,25618.55078125,21.540000915527344
2021-02-19,14981.75,35841.6015625,25503.19921875,22.25
2021-02-22,14675.7001953125,35257.19921875,24766.44921875,25.469999313354492
2021-02-23,14707.7998046875,35116.94921875,24807.80078125,25.229999542236328
2021-02-24,14982.0,36452.30078125,24779.400390625,24.170000076293945
2021-02-25,15097.349609375,36549.0,24872.44921875,22.889999389648438
2021-02-26,14529.150390625,34803.6015625,24301.44921875,28.139999389648438
2021-03-01,14761.5498046875,35296.0,24556.30078125,25.6299991607666
2021-03-02,14919.099609375,35419.69921875,25301.849609375,23.610000610351562
2021-03-03,15245.599609375,36368.05078125,25772.650390625,22.09000015258789
2021-03-04,15080.75,35802.5,25631.849609375,24.149999618530273
2021-03-05,14938.099609375,35228.1484375,25229.599609375,25.559999465942383
2021-03-08,14956.2001953125,35275.75,25347.94921875,24.68000030517578
2021-03-09,15098.400390625,35865.6484375,25582.349609375,22.5
2021-03-10,15174.7998046875,35938.30078125,26010.099609375,20.75
2021-03-12,15030.9501953125,35496.6484375,25888.25,21.709999084472656
2021-03-15,14929.5,35182.55078125,26032.05078125,21.229999542236328
2021-03-16,14910.4501953125,34804.6015625,26363.849609375,20.190000534057617
2021-03-17,14721.2998046875,34229.25,26183.5,20.15999984741211
2021-03-18,14557.849609375,33856.80078125,25373.349609375,20.079999923706055
2021-03-19,14744.0,34161.6015625,25562.75,19.989999771118164
2021-03-22,14736.400390625,33603.44921875,26035.349609375,20.489999771118164
2021-03-23,14814.75,34184.3984375,26105.69921875,20.670000076293945
2021-03-24,14549.400390625,33293.25,25802.94921875,22.459999084472656
2021-03-25,14324.900390625,33006.44921875,25237.099609375,22.700000762939453
2021-03-26,14507.2998046875,33318.19921875,25385.099609375,20.649999618530273
2021-03-30,14845.099609375,33875.1015625,26121.099609375,20.489999771118164
2021-03-31,14690.7001953125,33303.8984375,25855.0,20.649999618530273
2021-04-01,14867.349609375,33858.0,25980.400390625,19.989999771118164
2021-04-05,14637.7998046875,32678.849609375,26491.400390625,21.219999313354492
2021-04-06,14683.5,32501.349609375,26532.19921875,20.84000015258789
2021-04-07,14819.0498046875,32991.19921875,26831.0,20.25
2021-04-08,14873.7998046875,32782.8515625,27148.400390625,20.309999465942383
2021-04-09,14834.849609375,32448.05078125,27367.05078125,19.790000915527344
2021-04-12,14310.7998046875,30792.0,26727.80078125,23.0
2021-04-13,14504.7998046875,31771.599609375,25851.30078125,20.459999084472656
2021-04-15,14581.4501953125,32112.849609375,26010.849609375,20.889999389648438
2021-04-16,14617.849609375,31977.44921875,26324.900390625,20.399999618530273
2021-04-19,14359.4501953125,31208.400390625,26236.900390625,22.489999771118164
2021-04-20,14296.400390625,31112.69921875,25877.599609375,22.43000030517578
2021-04-22,14406.150390625,31782.599609375,25826.69921875,23.030000686645508
2021-04-23,14341.349609375,31722.30078125,25609.099609375,22.690000534057617
2021-04-26,14485.0,32275.150390625,25680.30078125,23.5
2021-04-27,14653.0498046875,32735.349609375,25815.75,23.079999923706055
2021-04-28,14864.5498046875,33722.80078125,25962.099609375,22.579999923706055
2021-04-29,14894.900390625,33714.5,25874.30078125,23.309999465942383
2021-04-30,14631.099609375,32781.80078125,25664.44921875,23.030000686645508
2021-05-03,14634.150390625,32465.75,25676.05078125,23.690000534057617
2021-05-04,14496.5,32270.349609375,25489.0,23.010000228881836
2021-05-06,14724.7998046875,32827.80078125,26258.69921875,22.040000915527344
2021-05-07,14823.150390625,32904.5,26269.44921875,20.81999969482422
2021-05-10,14942.349609375,33142.3984375,26273.44921875,20.229999542236328
2021-05-12,14696.5,32452.30078125,25855.44921875,20.079999923706055
2021-05-14,14677.7998046875,32169.55078125,25588.19921875,20.270000457763672
2021-05-17,14923.150390625,33459.25,25703.55078125,19.610000610351562
2021-05-18,15108.099609375,33922.3984375,25958.25,19.239999771118164
2021-05-19,15030.150390625,33685.19921875,25982.80078125,19.31999969482422
2021-05-21,15175.2998046875,34606.8984375,26105.30078125,19.079999923706055
2021-05-24,15197.7001953125,34943.6015625,26144.19921875,19.1299991607666
2021-05-26,15301.4501953125,34684.19921875,26857.349609375,20.8700008392334
2021-05-27,15337.849609375,35095.05078125,27164.80078125,19.90999984741211
2021-05-28,15435.650390625,35141.44921875,27122.80078125,17.399999618530273
2021-06-01,15574.849609375,35337.19921875,27144.400390625,17.389999389648438
2021-06-02,15576.2001953125,35373.75,26939.650390625,17.209999084472656
2021-06-03,15690.349609375,35649.0,26987.900390625,15.75
2021-06-04,15670.25,35291.6484375,26996.75,15.9399995803833
2021-06-07,15751.650390625,35443.6484375,27295.650390625,15.569999694824219
2021-06-08,15740.099609375,35085.30078125,27623.80078125,15.229999542236328
2021-06-09,15635.349609375,34800.5,27539.0,14.75
2021-06-10,15737.75,35131.19921875,27798.0,15.0
2021-06-11,15799.349609375,35047.3984375,28217.5,14.100000381469727
2021-06-14,15811.849609375,34950.6015625,28314.099609375,14.720000267028809
2021-06-15,15869.25,35247.75,28377.849609375,14.609999656677246
2021-06-16,15767.5498046875,35003.5,28448.849609375,14.869999885559082
2021-06-17,15691.400390625,34605.3984375,28611.349609375,15.289999961853027
2021-06-18,15683.349609375,34558.0,28445.599609375,14.800000190734863
2021-06-21,15746.5,34871.30078125,28367.0,15.0600004196167
2021-06-22,15772.75,34745.0,28523.55078125,14.739999771118164
2021-06-23,15686.9501953125,34574.0,28258.5,15.369999885559082
2021-06-24,15790.4501953125,34827.0,29048.0,15.100000381469727
2021-06-25,15860.349609375,35364.6484375,29210.55078125,13.369999885559082
2021-06-28,15814.7001953125,35359.44921875,29068.55078125,13.399999618530273
2021-06-29,15748.4501953125,35010.30078125,28986.25,13.0
2021-06-30,15721.5,34772.19921875,29168.0,13.050000190734863
2021-07-01,15680.0,34684.0,29003.099609375,12.84000015258789
2021-07-02,15722.2001953125,34809.8984375,29007.94921875,12.09000015258789
2021-07-06,15818.25,35579.1484375,28649.400390625,12.279999732971191
2021-07-07,15879.650390625,35771.30078125,28734.650390625,12.210000038146973
2021-07-08,15727.900390625,35274.1015625,28749.0,13.5600004196167
2021-07-09,15689.7998046875,35071.94921875,28662.19921875,12.9399995803833
2021-07-12,15692.599609375,35198.8984375,28532.349609375,12.989999771118164
2021-07-13,15812.349609375,35673.3984375,28439.75,12.619999885559082
2021-07-14,15853.9501953125,35668.25,29339.849609375,12.59000015258789
2021-07-15,15924.2001953125,35907.6484375,29718.05078125,12.270000457763672
2021-07-16,15923.400390625,35751.80078125,29400.25,11.710000038146973
2021-07-19,15752.400390625,35079.19921875,29264.0,12.680000305175781
2021-07-20,15632.099609375,34415.44921875,29252.5,13.210000038146973
2021-07-22,15824.0498046875,34677.30078125,29779.94921875,11.890000343322754
2021-07-23,15856.0498046875,35034.3984375,29894.30078125,11.760000228881836
2021-07-26,15824.4501953125,34949.69921875,29940.400390625,12.449999809265137
2021-07-27,15746.4501953125,34797.44921875,29892.55078125,13.229999542236328
2021-07-28,15709.400390625,34532.8984375,29954.150390625,13.6899995803833
2021-07-29,15778.4501953125,34691.5,30371.400390625,12.949999809265137
2021-07-30,15763.0498046875,34584.3515625,30480.05078125,12.800000190734863
2021-08-02,15885.150390625,34710.0,30803.05078125,12.8100004196167
2021-08-03,16130.75,35207.44921875,31165.849609375,13.75
2021-08-04,16258.7998046875,36028.05078125,30977.150390625,13.210000038146973
2021-08-05,16294.599609375,35834.75,31211.19921875,12.869999885559082
2021-08-06,16238.2001953125,35809.25,31303.30078125,12.609999656677246
2021-08-09,16258.25,36028.94921875,31441.0,12.609999656677246
2021-08-10,16280.099609375,36034.1015625,31713.400390625,12.710000038146973
2021-08-11,16282.25,35806.3984375,31670.0,12.710000038146973
2021-08-12,16364.400390625,35937.05078125,32245.099609375,12.369999885559082
2021-08-13,16529.099609375,36169.3515625,32678.80078125,12.989999771118164
2021-08-16,16563.05078125,36094.5,32577.94921875,13.460000038146973
2021-08-17,16614.599609375,35867.44921875,33414.75,13.40999984741211
2021-08-18,16568.849609375,35554.5,33448.8984375,12.90999984741211
2021-08-20,16450.5,35033.8515625,33351.3515625,14.020000457763672
2021-08-23,16496.44921875,35124.3984375,33919.80078125,13.6899995803833
2021-08-24,16624.599609375,35712.1015625,33838.3984375,13.1899995803833
2021-08-25,16634.650390625,35586.25,34083.94921875,13.5
2021-08-26,16636.900390625,35617.55078125,34041.1015625,13.539999961853027
2021-08-27,16705.19921875,35627.80078125,34309.80078125,13.40999984741211
2021-08-30,16931.05078125,36347.6484375,34109.25,13.319999694824219
2021-08-31,17132.19921875,36424.6015625,34570.25,14.520000457763672
2021-09-01,17076.25,36574.30078125,34110.5,14.1899995803833
2021-09-02,17234.150390625,36831.30078125,34680.30078125,14.239999771118164
2021-09-03,17323.599609375,36761.1484375,34891.19921875,14.539999961853027
2021-09-06,17377.80078125,36592.3515625,35415.1015625,15.109999656677246
2021-09-07,17362.099609375,36468.80078125,34951.30078125,14.899999618530273
2021-09-08,17353.5,36768.19921875,34678.19921875,14.40999984741211
2021-09-09,17369.25,36683.19921875,34802.30078125,13.9399995803833
2021-09-13,17355.30078125,36471.80078125,35129.6015625,14.029999732971191
2021-09-14,17380.0,36613.05078125,35431.5,13.579999923706055
2021-09-15,17519.44921875,36852.25,36075.19921875,13.729999542236328
2021-09-16,17629.5,37668.6015625,35852.44921875,14.40999984741211
2021-09-17,17585.150390625,37811.94921875,35646.5,15.229999542236328
2021-09-20,17396.900390625,37145.69921875,35400.05078125,17.489999771118164
2021-09-21,17562.0,37235.8515625,36086.05078125,16.520000457763672
2021-09-22,17546.650390625,36944.6484375,36422.44921875,16.489999771118164
2021-09-23,17822.94921875,37771.69921875,36816.8984375,16.600000381469727
2021-09-24,17853.19921875,37830.30078125,37103.25,16.920000076293945
2021-09-27,17855.099609375,38171.25,36034.3984375,18.049999237060547
2021-09-28,17748.599609375,37945.0,35239.94921875,18.540000915527344
2021-09-29,17711.30078125,37743.0,35282.6484375,18.84000015258789
2021-09-30,17618.150390625,37425.1015625,35028.0,18.399999618530273
2021-10-01,17532.05078125,37225.8984375,34780.6015625,17.209999084472656
2021-10-04,17691.25,37579.6484375,35126.1484375,16.739999771118164
2021-10-05,17822.30078125,37741.0,35544.30078125,16.399999618530273
2021-10-06,17646.0,37521.55078125,35075.80078125,17.329999923706055
2021-10-07,17790.349609375,37753.19921875,35703.8515625,16.15999984741211
2021-10-08,17895.19921875,37775.25,36402.0,15.649999618530273
2021-10-11,17945.94921875,38293.80078125,35179.94921875,16.09000015258789
2021-10-12,17991.94921875,38521.5,34869.75,15.850000381469727
2021-10-13,18161.75,38635.75,35285.6015625,16.100000381469727
2021-10-14,18338.55078125,39340.8984375,35744.8515625,15.770000457763672
2021-10-18,18477.05078125,39684.80078125,36306.3515625,17.18000030517578
2021-10-19,18418.75,39540.5,37106.3515625,17.3799991607666
2021-10-20,18266.599609375,39518.19921875,36846.80078125,18.309999465942383
2021-10-21,18178.099609375,40030.19921875,35913.6015625,18.040000915527344
2021-10-22,18114.900390625,40323.6484375,35394.6484375,17.549999237060547
2021-10-25,18125.400390625,41192.3984375,35005.3984375,17.610000610351562
2021-10-26,18268.400390625,41238.30078125,35162.3515625,16.75
2021-10-27,18210.94921875,40874.3515625,35503.8984375,16.829999923706055
2021-10-28,17857.25,39508.94921875,34913.6015625,17.90999984741211
2021-10-29,17671.650390625,39115.6015625,34408.75,17.43000030517578
2021-11-01,17929.650390625,39763.75,35290.0,17.239999771118164
2021-11-02,17888.94921875,39938.44921875,35177.3515625,17.059999465942383
2021-11-03,17829.19921875,39402.05078125,35177.1015625,16.1299991607666
2021-11-04,17916.80078125,39573.69921875,35334.25,15.75
2021-11-08,18068.55078125,39438.25,35782.3515625,16.34000015258789
2021-11-09,18044.25,39368.80078125,35815.1015625,16.0
2021-11-10,18017.19921875,39023.25,35722.94921875,16.309999465942383
2021-11-11,17873.599609375,38560.19921875,35583.6484375,16.350000381469727
2021-11-12,18102.75,38733.3515625,36332.30078125,15.220000267028809
2021-11-15,18109.44921875,38702.3515625,36465.30078125,15.470000267028809
2021-11-16,17999.19921875,38307.1015625,36643.8984375,15.199999809265137
2021-11-17,17898.650390625,38041.55078125,36660.8984375,14.979999542236328
2021-11-18,17764.80078125,37976.25,36007.0,14.859999656677246
2021-11-22,17416.55078125,37128.80078125,35478.94921875,17.520000457763672
2021-11-23,17503.349609375,37272.80078125,35504.3984375,18.020000457763672
2021-11-24,17415.05078125,37441.94921875,34966.25,17.100000381469727
2021-11-25,17536.25,37364.75,35300.25,16.65999984741211
2021-11-26,17026.44921875,36025.5,34606.1484375,20.799999237060547
2021-11-29,17053.94921875,35976.44921875,34870.75,20.829999923706055
2021-11-30,16983.19921875,35695.30078125,35043.75,21.170000076293945
2021-12-01,17166.900390625,36364.8984375,35429.0,19.450000762939453
2021-12-02,17401.650390625,36508.25,36157.8515625,18.09000015258789
2021-12-03,17196.69921875,36197.1484375,35848.05078125,18.450000762939453
2021-12-06,16912.25,35735.8984375,34879.3984375,20.079999923706055
2021-12-07,17176.69921875,36618.3984375,35272.30078125,18.459999084472656
2021-12-08,17469.75,37284.69921875,35959.05078125,17.270000457763672
2021-12-09,17516.849609375,37082.44921875,35946.3515625,16.600000381469727
2021-12-10,17511.30078125,37105.6484375,35939.6015625,16.059999465942383
2021-12-13,17368.25,36925.25,36050.55078125,16.56999969482422
2021-12-14,17324.900390625,36893.94921875,36102.55078125,16.950000762939453
2021-12-15,17221.400390625,36789.55078125,35737.19921875,17.219999313354492
2021-12-16,17248.400390625,36548.6484375,36160.30078125,15.899999618530273
2021-12-17,16985.19921875,35618.6484375,36647.8984375,16.34000015258789
2021-12-20,16614.19921875,34439.8515625,35916.44921875,18.969999313354492
2021-12-21,16770.849609375,34607.8515625,36627.1484375,17.540000915527344
2021-12-22,16955.44921875,35029.5,36989.1484375,16.579999923706055
2021-12-23,17072.599609375,35191.1484375,37362.8515625,15.829999923706055
2021-12-24,17003.75,34857.05078125,37727.80078125,16.149999618530273
2021-12-27,17086.25,35057.8984375,37988.5,17.1200008392334
2021-12-28,17233.25,35183.80078125,38357.80078125,16.479999542236328
2021-12-29,17213.599609375,35045.3984375,38274.6484375,16.239999771118164
2021-12-30,17203.94921875,35063.6015625,38658.80078125,16.56999969482422
2021-12-31,17354.05078125,35481.69921875,38701.05078125,16.219999313354492
2022-01-03,17625.69921875,36421.8984375,39123.80078125,16.450000762939453
2022-01-04,17805.25,36840.1484375,39370.69921875,16.1200008392334
2022-01-05,17925.25,37695.8984375,38609.1484375,17.229999542236328
2022-01-06,17745.900390625,37490.25,38009.0,17.979999542236328
2022-01-07,17812.69921875,37739.6015625,38139.8515625,17.600000381469727
2022-01-10,18003.30078125,38347.8984375,38212.19921875,17.68000030517578
2022-01-11,18055.75,38442.19921875,38605.44921875,17.760000228881836
2022-01-12,18212.349609375,38727.55078125,38604.75,17.18000030517578
2022-01-13,18257.80078125,38469.94921875,38607.0,16.700000762939453
2022-01-14,18255.75,38370.3984375,38826.8515625,16.559999465942383
2022-01-17,18308.099609375,38216.1484375,38804.94921875,16.770000457763672
2022-01-18,18113.05078125,38210.30078125,38091.75,17.780000686645508
2022-01-19,17938.400390625,38041.3515625,37281.69921875,17.81999969482422
2022-01-20,17757.0,37850.8515625,36662.19921875,17.790000915527344
2022-01-21,17617.150390625,37574.30078125,36054.6015625,18.889999389648438
2022-01-24,17149.099609375,36947.55078125,34821.6015625,22.829999923706055
2022-01-25,17277.94921875,37706.75,34707.44921875,21.360000610351562
2022-01-27,17110.150390625,37982.1015625,33475.05078125,21.06999969482422
2022-01-28,17101.94921875,37689.3984375,33851.94921875,20.700000762939453
2022-01-31,17339.849609375,37975.3515625,34824.55078125,21.950000762939453
2022-02-01,17576.849609375,38505.5,35371.6484375,19.979999542236328
2022-02-02,17780.0,39330.5,35788.75,18.649999618530273
2022-02-03,17560.19921875,39010.0,35056.80078125,19.15999984741211
2022-02-04,17516.30078125,38789.3515625,35080.1015625,18.899999618530273
2022-02-07,17213.599609375,37995.44921875,34621.25,20.440000534057617
2022-02-08,17266.75,38028.44921875,34521.55078125,19.68000030517578
2022-02-09,17463.80078125,38610.25,34983.30078125,18.559999465942383
2022-02-10,17605.849609375,39010.94921875,35341.8515625,17.709999084472656
2022-02-11,17374.75,38517.25,34379.05078125,18.68000030517578
2022-02-14,16842.80078125,36908.55078125,33880.6484375,22.979999542236328
2022-02-15,17352.44921875,38170.1015625,34913.30078125,20.610000610351562
2022-02-16,17322.19921875,37953.80078125,34801.94921875,20.59000015258789
2022-02-17,17304.599609375,37531.6484375,34634.1015625,22.010000228881836
2022-02-18,17276.30078125,37599.1484375,34483.1015625,22.170000076293945
2022-02-21,17206.650390625,37685.6015625,34472.05078125,22.899999618530273
2022-02-22,17092.19921875,37371.6484375,34129.55078125,26.65999984741211
2022-02-23,17063.25,37392.05078125,34114.30078125,24.540000915527344
2022-02-24,16247.9501953125,35228.1015625,32547.900390625,31.979999542236328
2022-02-25,16658.400390625,36430.75,33476.94921875,26.739999771118164
2022-02-28,16793.900390625,36205.30078125,33847.8515625,28.56999969482422
2022-03-02,16605.94921875,35372.80078125,33720.0,29.229999542236328
2022-03-03,16498.05078125,34944.30078125,34130.30078125,28.15999984741211
2022-03-04,16245.349609375,34407.80078125,34177.69921875,27.959999084472656
2022-03-07,15863.150390625,32871.25,34135.8984375,29.329999923706055
2022-03-08,16013.4501953125,33158.1015625,35055.55078125,28.59000015258789
2022-03-09,16345.349609375,33815.44921875,35440.55078125,27.469999313354492
2022-03-10,16594.900390625,34475.6015625,35399.1015625,25.579999923706055
2022-03-11,16630.44921875,34546.25,35348.69921875,25.350000381469727
2022-03-14,16871.30078125,35312.1484375,36028.0,25.68000030517578
2022-03-15,16663.0,35022.6484375,35097.8515625,26.729999542236328
2022-03-16,16975.349609375,35748.25,35729.6484375,24.1200008392334
2022-03-17,17287.05078125,36428.55078125,35643.6015625,22.610000610351562
2022-03-21,17117.599609375,36018.5,35377.75,24.6200008392334
2022-03-22,17315.5,36348.55078125,36070.44921875,24.06999969482422
2022-03-23,17245.650390625,36147.3515625,36082.0,24.75
2022-03-24,17222.75,35527.1015625,36516.75,23.93000030517578
2022-03-25,17153.0,35410.1015625,36152.30078125,23.43000030517578
2022-03-28,17222.0,35710.5,36026.05078125,22.610000610351562
2022-03-29,17325.30078125,35847.3984375,36146.75,21.299999237060547
2022-03-30,17498.25,36334.30078125,36463.55078125,20.610000610351562
2022-03-31,17464.75,36373.6015625,36317.19921875,20.559999465942383
2022-04-01,17670.44921875,37148.5,36343.3984375,18.43000030517578
2022-04-04,18053.400390625,38635.19921875,36442.8984375,17.90999984741211
2022-04-05,17957.400390625,38067.8984375,36466.55078125,18.489999771118164
2022-04-06,17807.650390625,37632.80078125,35871.5,19.020000457763672
2022-04-07,17639.55078125,37557.3515625,35423.25,19.0
2022-04-08,17784.349609375,37752.05078125,35394.44921875,17.690000534057617
2022-04-11,17674.94921875,37613.80078125,34895.8984375,18.270000457763672
2022-04-12,17530.30078125,37747.3984375,34379.5,18.15999984741211
2022-04-13,17475.650390625,37463.3984375,34354.80078125,17.790000915527344
2022-04-18,17173.650390625,36729.0,32780.05078125,19.34000015258789
2022-04-19,16958.650390625,36341.6015625,31804.19921875,19.770000457763672
2022-04-20,17136.55078125,36314.8984375,32173.400390625,18.670000076293945
2022-04-21,17392.599609375,36816.1015625,32611.599609375,17.850000381469727
2022-04-22,17171.94921875,36044.75,32426.69921875,18.350000381469727
2022-04-25,16953.94921875,36082.3515625,31744.0,21.260000228881836
2022-04-26,17200.80078125,36404.80078125,31840.05078125,19.190000534057617
2022-04-27,17038.400390625,36028.8515625,31594.349609375,20.610000610351562
2022-04-28,17245.05078125,36422.19921875,31914.349609375,19.3799991607666
2022-04-29,17102.55078125,36088.1484375,31622.400390625,19.420000076293945
2022-05-02,17069.099609375,36163.75,31138.80078125,20.280000686645508
2022-05-04,16677.599609375,35264.55078125,30794.599609375,21.8799991607666
2022-05-05,16682.650390625,35232.8515625,31432.44921875,20.290000915527344
2022-05-06,16411.25,34591.19921875,30719.44921875,21.25
2022-05-09,16301.849609375,34275.3984375,30733.30078125,22.030000686645508
2022-05-10,16240.0498046875,34482.6484375,30427.19921875,22.299999237060547
2022-05-11,16167.099609375,34693.1484375,30050.25,22.799999237060547
2022-05-12,15808.0,33532.1484375,29756.849609375,24.270000457763672
2022-05-13,15782.150390625,33121.3515625,29624.849609375,23.489999771118164
2022-05-16,15842.2998046875,33597.6015625,29403.5,24.530000686645508
2022-05-17,16259.2998046875,34301.8984375,30218.75,22.739999771118164
2022-05-18,16240.2998046875,34163.69921875,30077.69921875,22.299999237060547
2022-05-19,15809.400390625,33315.6484375,28352.150390625,24.559999465942383
2022-05-20,16266.150390625,34276.3984375,28789.400390625,23.100000381469727
2022-05-23,16214.7001953125,34247.6015625,29079.30078125,23.399999618530273
2022-05-24,16125.150390625,34290.1484375,28531.5,25.639999389648438
2022-05-25,16025.7998046875,34339.5,27566.099609375,25.280000686645508
2022-05-26,16170.150390625,35094.8984375,27932.55078125,22.719999313354492
2022-05-27,16352.4501953125,35613.30078125,28641.599609375,21.479999542236328
2022-05-30,16661.400390625,35826.94921875,29753.30078125,19.979999542236328
2022-05-31,16584.55078125,35487.3984375,29679.05078125,20.479999542236328
2022-06-01,16522.75,35620.80078125,29260.75,20.850000381469727
2022-06-02,16628.0,35613.6484375,29792.400390625,20.31999969482422
2022-06-03,16584.30078125,35275.05078125,29903.80078125,19.979999542236328
2022-06-06,16569.55078125,35310.19921875,29819.80078125,20.200000762939453
2022-06-07,16416.349609375,34996.0,29351.69921875,20.43000030517578
2022-06-08,16356.25,34946.1484375,29472.150390625,19.84000015258789
2022-06-09,16478.099609375,35085.44921875,29761.55078125,19.139999389648438
2022-06-10,16201.7998046875,34483.80078125,29114.30078125,19.579999923706055
2022-06-13,15774.400390625,33405.8515625,27914.599609375,22.3700008392334
2022-06-14,15732.099609375,33311.3515625,27953.349609375,21.889999389648438
2022-06-15,15692.150390625,33339.0,27812.44921875,22.149999618530273
2022-06-16,15360.599609375,32617.099609375,27136.44921875,22.8700008392334
2022-06-17,15293.5,32743.05078125,26732.44921875,22.760000228881836
2022-06-20,15350.150390625,32684.80078125,26966.19921875,22.40999984741211
2022-06-21,15638.7998046875,33191.75,27810.650390625,21.139999389648438
2022-06-22,15413.2998046875,32845.30078125,27488.400390625,21.299999237060547
2022-06-23,15556.650390625,33135.0,28027.80078125,20.8799991607666
2022-06-24,15699.25,33627.44921875,27777.80078125,20.549999237060547
2022-06-27,15832.0498046875,33811.25,28345.94921875,21.010000228881836
2022-06-28,15850.2001953125,33642.44921875,28509.099609375,21.450000762939453
2022-06-29,15799.099609375,33269.8984375,28140.099609375,21.899999618530273
2022-06-30,15780.25,33425.1015625,27843.349609375,21.84000015258789
2022-07-01,15752.0498046875,33539.44921875,28064.25,21.25
2022-07-04,15835.349609375,33940.8984375,27890.650390625,20.969999313354492
2022-07-05,15810.849609375,33815.8984375,27695.150390625,20.790000915527344
2022-07-06,15989.7998046875,34324.25,28007.599609375,20.270000457763672
2022-07-07,16132.900390625,34920.30078125,28196.349609375,19.200000762939453
2022-07-08,16220.599609375,35124.05078125,28250.30078125,18.399999618530273
2022-07-11,16216.0,35469.6484375,27380.55078125,18.3700008392334
2022-07-12,16058.2998046875,35132.25,27063.75,18.549999237060547
2022-07-13,15966.650390625,34827.80078125,26949.75,18.520000457763672
2022-07-14,15938.650390625,34651.19921875,26523.30078125,18.34000015258789
2022-07-15,16049.2001953125,34682.6484375,26484.75,17.600000381469727
2022-07-18,16278.5,35358.69921875,27322.94921875,17.15999984741211
2022-07-19,16340.5498046875,35720.3515625,27346.150390625,17.200000762939453
2022-07-20,16520.849609375,35972.1015625,28146.349609375,16.81999969482422
2022-07-21,16605.25,36201.0,28342.900390625,16.860000610351562
2022-07-22,16719.44921875,36738.94921875,28168.150390625,16.649999618530273
2022-07-25,16631.0,36726.3984375,28216.0,17.68000030517578
2022-07-26,16483.849609375,36408.5,27418.849609375,18.170000076293945
2022-07-27,16641.80078125,36783.75,27878.80078125,18.1299991607666
2022-07-28,16929.599609375,37378.1484375,28663.05078125,17.010000228881836
2022-07-29,17158.25,37491.3984375,29152.30078125,16.549999237060547
2022-08-01,17340.05078125,37903.19921875,29220.0,17.489999771118164
2022-08-02,17345.44921875,38024.0,29024.650390625,18.530000686645508
2022-08-03,17388.150390625,37989.25,29416.94921875,18.450000762939453
2022-08-04,17382.0,37755.55078125,29782.900390625,19.260000228881836
2022-08-05,17397.5,37920.6015625,29973.55078125,18.920000076293945
2022-08-08,17525.099609375,38237.3984375,29967.69921875,19.299999237060547
2022-08-10,17534.75,38287.8515625,29701.150390625,19.59000015258789
2022-08-11,17659.0,38879.8515625,30233.69921875,18.360000610351562
2022-08-12,17698.150390625,39042.30078125,29885.900390625,17.610000610351562
2022-08-16,17825.25,39239.6484375,29909.0,17.68000030517578
2022-08-17,17944.25,39461.69921875,30256.900390625,17.68000030517578
2022-08-18,17956.5,39656.1484375,30018.900390625,17.350000381469727
2022-08-19,17758.44921875,38985.94921875,30036.099609375,18.290000915527344
2022-08-22,17490.69921875,38297.75,29478.900390625,19.040000915527344
2022-08-23,17577.5,38697.6484375,28957.849609375,19.049999237060547
2022-08-24,17604.94921875,39038.5,28859.849609375,18.43000030517578
2022-08-25,17522.44921875,38950.75,28608.650390625,19.56999969482422
2022-08-26,17558.900390625,38987.1484375,28691.599609375,18.219999313354492
2022-08-29,17312.900390625,38276.69921875,27678.94921875,19.81999969482422
2022-08-30,17759.30078125,39536.75,28407.900390625,18.700000762939453
2022-09-01,17542.80078125,39301.25,27846.80078125,19.8700008392334
2022-09-02,17539.44921875,39421.0,27745.80078125,19.549999237060547
2022-09-05,17665.80078125,39805.75,27836.599609375,19.65999984741211
2022-09-06,17655.599609375,39666.5,27742.80078125,19.520000457763672
2022-09-07,17624.400390625,39455.8984375,27832.400390625,19.3700008392334
2022-09-08,17798.75,40208.94921875,28102.400390625,18.309999465942383
2022-09-09,17833.349609375,40415.69921875,28724.05078125,17.719999313354492
2022-09-12,17936.349609375,40574.0,29131.19921875,17.940000534057617
2022-09-13,18070.05078125,40873.1015625,29116.849609375,17.469999313354492
2022-09-14,18003.75,41405.3984375,28137.650390625,18.280000686645508
2022-09-15,17877.400390625,41209.19921875,27734.349609375,18.389999389648438
2022-09-16,17530.849609375,40776.80078125,26706.44921875,19.81999969482422
2022-09-19,17622.25,40904.3984375,26810.150390625,19.940000534057617
2022-09-20,17816.25,41468.30078125,27020.599609375,18.799999237060547
2022-09-21,17718.349609375,41203.44921875,26843.25,19.329999923706055
2022-09-22,17629.80078125,40630.6015625,26782.650390625,18.81999969482422
2022-09-23,17327.349609375,39546.25,26592.349609375,20.59000015258789
2022-09-26,17016.30078125,38616.25,26743.650390625,21.889999389648438
2022-09-27,17007.400390625,38359.1484375,27004.150390625,21.56999969482422
2022-09-28,16858.599609375,37759.8515625,27067.650390625,22.100000381469727
2022-09-29,16818.099609375,37647.75,26819.05078125,21.299999237060547
2022-09-30,17094.349609375,38631.94921875,26981.150390625,19.969999313354492
2022-10-03,16887.349609375,38029.6484375,26729.099609375,21.3700008392334
2022-10-04,17274.30078125,39110.05078125,27496.94921875,19.56999969482422
2022-10-06,17331.80078125,39282.8515625,27928.75,19.31999969482422
2022-10-07,17314.650390625,39178.05078125,27733.599609375,18.809999465942383
2022-10-10,17241.0,39093.1015625,28027.599609375,19.6200008392334
2022-10-11,16983.55078125,38712.44921875,27469.5,20.489999771118164
2022-10-12,17123.599609375,39118.55078125,27694.650390625,20.18000030517578
2022-10-13,17014.349609375,38624.0,27506.19921875,20.290000915527344
2022-10-14,17185.69921875,39305.6015625,27954.05078125,18.260000228881836
2022-10-17,17311.80078125,39920.44921875,28019.150390625,18.420000076293945
2022-10-18,17486.94921875,40318.75,28315.19921875,17.450000762939453
2022-10-19,17512.25,40373.19921875,28060.349609375,17.489999771118164
2022-10-20,17563.94921875,40099.55078125,28432.19921875,17.229999542236328
2022-10-21,17576.30078125,40784.05078125,28336.94921875,17.280000686645508
2022-10-24,17730.75,41304.8984375,28534.30078125,17.420000076293945
2022-10-25,17656.349609375,41122.75,28722.849609375,16.8799991607666
2022-10-27,17736.94921875,41299.30078125,28572.19921875,16.600000381469727
2022-10-28,17786.80078125,40990.8515625,28318.349609375,15.920000076293945
2022-10-31,18012.19921875,41307.8984375,28727.599609375,15.800000190734863
2022-11-01,18145.400390625,41289.55078125,29270.650390625,16.1299991607666
2022-11-02,18082.849609375,41146.6484375,29138.650390625,16.65999984741211
2022-11-03,18052.69921875,41298.3515625,28795.75,15.9399995803833
2022-11-04,18117.150390625,41258.44921875,28693.05078125,15.65999984741211
2022-11-07,18202.80078125,41686.69921875,28741.30078125,15.59000015258789
2022-11-09,18157.0,41783.19921875,28626.80078125,15.920000076293945
2022-11-10,18028.19921875,41603.75,28505.75,15.569999694824219
2022-11-11,18349.69921875,42137.05078125,29591.94921875,14.40999984741211
2022-11-14,18329.150390625,42076.75,29849.30078125,14.90999984741211
2022-11-15,18403.400390625,42372.69921875,29865.30078125,14.640000343322754
2022-11-16,18409.650390625,42535.30078125,29951.5,15.100000381469727
2022-11-17,18343.900390625,42458.05078125,29681.400390625,14.880000114440918
2022-11-18,18307.650390625,42437.44921875,29669.25,14.390000343322754
2022-11-21,18159.94921875,42346.55078125,29209.55078125,14.800000190734863
2022-11-22,18244.19921875,42457.05078125,29446.900390625,13.84000015258789
2022-11-23,18267.25,42729.1015625,29405.650390625,14.039999961853027
2022-11-24,18484.099609375,43075.3984375,30178.650390625,13.479999542236328
2022-11-25,18512.75,42983.94921875,30334.599609375,13.329999923706055
2022-11-28,18562.75,43020.44921875,30309.650390625,13.569999694824219
2022-11-29,18618.05078125,43053.44921875,30345.650390625,13.619999885559082
2022-11-30,18758.349609375,43231.0,30391.69921875,13.8100004196167
2022-12-01,18812.5,43260.6484375,31120.5,13.359999656677246
2022-12-02,18696.099609375,43103.75,31052.099609375,13.449999809265137
2022-12-05,18701.05078125,43332.94921875,30891.5,13.729999542236328
2022-12-06,18642.75,43138.55078125,30443.0,14.039999961853027
2022-12-07,18560.5,43098.69921875,30187.05078125,14.079999923706055
2022-12-08,18609.349609375,43596.8515625,30115.0,13.399999618530273
2022-12-09,18496.599609375,43633.44921875,29168.44921875,13.479999542236328
2022-12-12,18497.150390625,43708.75,29050.5,13.319999694824219
2022-12-13,18608.0,43946.55078125,29376.55078125,12.880000114440918
2022-12-14,18660.30078125,44049.1015625,29713.900390625,12.890000343322754
2022-12-15,18414.900390625,43498.19921875,29087.94921875,13.729999542236328
2022-12-16,18269.0,43219.5,28702.19921875,14.069999694824219
2022-12-19,18420.44921875,43413.75,28556.44921875,13.550000190734863
2022-12-20,18385.30078125,43359.5,28612.5,13.779999732971191
2022-12-21,18199.099609375,42617.94921875,28764.25,15.5600004196167
2022-12-22,18127.349609375,42408.80078125,28763.900390625,15.1899995803833
2022-12-23,17806.80078125,41668.05078125,28237.05078125,16.15999984741211
2022-12-27,18132.30078125,42859.5,28636.25,15.289999961853027
2022-12-28,18122.5,42827.69921875,28583.44921875,15.399999618530273
2022-12-29,18191.0,43252.3515625,28687.19921875,14.8100004196167
2022-12-30,18105.30078125,42986.44921875,28621.69921875,14.869999885559082
2023-01-02,18197.44921875,43203.1015625,28737.30078125,14.6899995803833
2023-01-03,18232.55078125,43425.25,28962.30078125,14.390000343322754
2023-01-04,18042.94921875,42958.80078125,28677.80078125,15.199999809265137
2023-01-05,17992.150390625,42608.69921875,28527.75,14.979999542236328
2023-01-06,17859.44921875,42188.80078125,27956.44921875,15.029999732971191
2023-01-09,18101.19921875,42582.75,28748.150390625,14.649999618530273
2023-01-10,17914.150390625,42014.75,28502.69921875,15.510000228881836
2023-01-11,17895.69921875,42232.69921875,28596.349609375,15.4399995803833
2023-01-12,17858.19921875,42082.25,28720.30078125,15.279999732971191
2023-01-13,17956.599609375,42371.25,28933.75,14.460000038146973
2023-01-16,17894.849609375,42167.55078125,29264.650390625,15.020000457763672
2023-01-17,18053.30078125,42235.05078125,29498.0,14.59000015258789
2023-01-18,18165.349609375,42458.0,29617.80078125,14.369999885559082
2023-01-19,18107.849609375,42328.8515625,29632.349609375,13.960000038146973
2023-01-20,18027.650390625,42506.80078125,29529.650390625,13.789999961853027
2023-01-23,18118.55078125,42821.25,30086.0,13.619999885559082
2023-01-24,18118.30078125,42733.44921875,30316.900390625,13.65999984741211
2023-01-25,17891.94921875,41647.6484375,30043.900390625,14.65999984741211
2023-01-27,17604.349609375,40345.30078125,29766.44921875,17.31999969482422
2023-01-30,17648.94921875,40387.44921875,30094.849609375,17.709999084472656
2023-01-31,17662.150390625,40655.05078125,29740.349609375,16.8799991607666
2023-02-01,17616.30078125,40513.0,30018.25,16.780000686645508
2023-02-02,17610.400390625,40669.30078125,30566.75,15.729999542236328
2023-02-03,17854.05078125,41499.69921875,30597.650390625,14.399999618530273
2023-02-06,17764.599609375,41374.6484375,30411.099609375,14.6899995803833
2023-02-07,17721.5,41490.94921875,30310.69921875,14.130000114440918
2023-02-08,17871.69921875,41537.6484375,30774.05078125,13.600000381469727
2023-02-09,17893.44921875,41554.30078125,30990.849609375,13.039999961853027
2023-02-10,17856.5,41559.3984375,30870.19921875,12.75
2023-02-13,17770.900390625,41282.19921875,30289.650390625,13.680000305175781
2023-02-14,17929.849609375,41648.3515625,30588.75,13.449999809265137
2023-02-15,18015.849609375,41731.05078125,30934.349609375,12.859999656677246
2023-02-16,18035.849609375,41631.3515625,31434.849609375,12.890000343322754
2023-02-17,17944.19921875,41131.75,31054.849609375,13.09000015258789
2023-02-20,17844.599609375,40701.69921875,31222.349609375,13.380000114440918
2023-02-21,17826.69921875,40673.6015625,30947.25,14.010000228881836
2023-02-22,17554.30078125,39995.8984375,30608.19921875,15.59000015258789
2023-02-23,17511.25,40001.55078125,30598.400390625,15.079999923706055
2023-02-24,17465.80078125,39909.3984375,30514.900390625,14.1899995803833
2023-02-27,17392.69921875,40307.1015625,29919.19921875,13.880000114440918
2023-02-28,17303.94921875,40269.05078125,29663.94921875,14.020000457763672
2023-03-01,17450.900390625,40698.1484375,30097.75,13.0
2023-03-02,17321.900390625,40389.80078125,29717.44921875,12.970000267028809
2023-03-03,17594.349609375,41251.3515625,29817.05078125,12.180000305175781
2023-03-06,17711.44921875,41350.3984375,30179.75,12.270000457763672
2023-03-08,17754.400390625,41577.1015625,30065.75,12.449999809265137
2023-03-09,17589.599609375,41256.75,29742.349609375,12.729999542236328
2023-03-10,17412.900390625,40485.44921875,29545.5,13.40999984741211
2023-03-13,17154.30078125,39564.69921875,29267.0,16.219999313354492
2023-03-14,17043.30078125,39411.3984375,28784.69921875,16.219999313354492
2023-03-15,16972.150390625,39051.5,28716.5,16.299999237060547
2023-03-16,16985.599609375,39132.6015625,28517.25,16.219999313354492
2023-03-17,17100.05078125,39598.1015625,28854.44921875,14.770000457763672
2023-03-20,16988.400390625,39361.94921875,28442.94921875,16.010000228881836
2023-03-21,17107.5,39894.69921875,28164.849609375,15.079999923706055
2023-03-22,17151.900390625,39999.05078125,28217.599609375,14.8100004196167
2023-03-23,17076.900390625,39616.8984375,27999.25,14.489999771118164
2023-03-24,16945.05078125,39395.3515625,27935.650390625,15.239999771118164
2023-03-27,16985.69921875,39431.30078125,27948.75,15.449999809265137
2023-03-28,16951.69921875,39567.8984375,27702.80078125,15.100000381469727
2023-03-29,17080.69921875,39910.1484375,28011.30078125,13.630000114440918
2023-03-31,17359.75,40608.6484375,28698.599609375,12.9399995803833
2023-04-03,17398.05078125,40813.05078125,28633.0,12.59000015258789
2023-04-05,17557.05078125,40999.1484375,28977.19921875,12.40999984741211
2023-04-06,17599.150390625,41041.0,28764.55078125,11.800000190734863
2023-04-10,17624.05078125,40834.6484375,29041.599609375,12.270000457763672
2023-04-11,17722.30078125,41366.5,28675.75,11.979999542236328
2023-04-12,17812.400390625,41557.94921875,28980.349609375,12.270000457763672
2023-04-13,17828.0,42132.55078125,28342.80078125,11.90999984741211
2023-04-17,17706.849609375,42262.55078125,27008.19921875,12.270000457763672
2023-04-18,17660.150390625,42265.19921875,27166.94921875,12.079999923706055
2023-04-19,17618.75,42154.0,26687.44921875,12.149999618530273
2023-04-20,17624.44921875,42269.5,26637.150390625,11.9399995803833
2023-04-21,17624.05078125,42118.0,26822.099609375,11.630000114440918
2023-04-24,17743.400390625,42635.75,27013.650390625,11.670000076293945
2023-04-25,17769.25,42678.5,26985.80078125,11.520000457763672
2023-04-26,17813.599609375,42829.8984375,27065.0,11.649999618530273
2023-04-27,17915.05078125,43000.8515625,27355.25,11.430000305175781
2023-04-28,18065.0,43233.8984375,27708.19921875,10.949999809265137
2023-05-02,18147.650390625,43352.1015625,28025.0,11.899999618530273
2023-05-03,18089.849609375,43312.69921875,27743.75,11.84000015258789
2023-05-04,18255.80078125,43685.44921875,27883.19921875,11.729999542236328
2023-05-05,18069.0,42661.19921875,27719.94921875,12.300000190734863
2023-05-08,18264.400390625,43284.0,27920.94921875,12.640000343322754
2023-05-09,18265.94921875,43198.1484375,28125.5,12.680000305175781
2023-05-10,18315.099609375,43331.05078125,28091.75,13.079999923706055
2023-05-11,18297.0,43475.30078125,28102.0,13.220000267028809
2023-05-12,18314.80078125,43793.55078125,28028.400390625,12.850000381469727
2023-05-15,18398.849609375,44072.1015625,28165.400390625,13.170000076293945
2023-05-16,18286.5,43903.69921875,28216.0,13.289999961853027
2023-05-17,18181.75,43698.69921875,27942.94921875,13.109999656677246
2023-05-18,18129.94921875,43752.30078125,27892.55078125,12.800000190734863
2023-05-19,18203.400390625,43969.3984375,28303.650390625,12.300000190734863
2023-05-22,18314.400390625,43885.1015625,29007.30078125,12.569999694824219
2023-05-23,18348.0,43954.44921875,28873.69921875,12.609999656677246
2023-05-24,18285.400390625,43677.8515625,28890.80078125,13.109999656677246
2023-05-25,18321.150390625,43681.3984375,28928.75,12.520000457763672
2023-05-26,18499.349609375,44018.0,29355.900390625,11.899999618530273
2023-05-29,18598.650390625,44311.8984375,29240.19921875,12.300000190734863
2023-05-30,18633.849609375,44436.3515625,29297.650390625,12.010000228881836
2023-05-31,18534.400390625,44128.1484375,29319.75,11.970000267028809
2023-06-01,18487.75,43790.19921875,29446.25,11.600000381469727
2023-06-02,18534.099609375,43937.8515625,29328.150390625,11.130000114440918
2023-06-05,18593.849609375,44101.6484375,29238.75,11.140000343322754
2023-06-06,18599.0,44164.55078125,28689.05078125,11.380000114440918
2023-06-07,18726.400390625,44275.30078125,28913.69921875,11.4399995803833
2023-06-08,18634.55078125,43995.25,28591.099609375,11.260000228881836
2023-06-09,18563.400390625,43989.0,28355.349609375,11.119999885559082
2023-06-12,18601.5,43944.19921875,28784.0,11.25
2023-06-13,18716.150390625,44079.8515625,28899.30078125,11.109999656677246
2023-06-14,18755.900390625,43988.0,28855.05078125,11.15999984741211
2023-06-15,18688.099609375,43443.6015625,28699.0,11.079999923706055
2023-06-16,18826.0,43938.1484375,28588.80078125,10.84000015258789
2023-06-19,18755.44921875,43633.75,28708.30078125,11.229999542236328
2023-06-20,18816.69921875,43766.5,28930.80078125,11.130000114440918
2023-06-21,18856.849609375,43859.19921875,29025.69921875,11.289999961853027
2023-06-22,18771.25,43724.8515625,28811.150390625,11.550000190734863
2023-06-23,18665.5,43622.8984375,28554.30078125,11.239999771118164
2023-06-26,18691.19921875,43641.05078125,28590.099609375,11.399999618530273
2023-06-27,18817.400390625,44121.5,28800.150390625,10.779999732971191
2023-06-28,18972.099609375,44327.80078125,28843.0,10.890000343322754
2023-06-30,19189.05078125,44747.3515625,29563.0,10.800000190734863
2023-07-03,19322.55078125,45158.1015625,29424.80078125,11.539999961853027
2023-07-04,19389.0,45301.44921875,29729.849609375,11.699999809265137
2023-07-05,19398.5,45151.80078125,29841.849609375,11.880000114440918
2023-07-06,19497.30078125,45339.8984375,29805.19921875,11.84000015258789
2023-07-07,19331.80078125,44925.0,29560.44921875,11.529999732971191
2023-07-10,19355.900390625,44860.8515625,29194.75,11.460000038146973
2023-07-11,19439.400390625,44745.05078125,29324.80078125,11.010000228881836
2023-07-12,19384.30078125,44639.44921875,29118.05078125,10.9399995803833
2023-07-13,19413.75,44665.05078125,29628.19921875,10.9399995803833
2023-07-14,19564.5,44819.30078125,30945.5,10.680000305175781
2023-07-17,19711.44921875,45449.75,31041.599609375,11.319999694824219
2023-07-18,19749.25,45410.8515625,31371.150390625,11.710000038146973
2023-07-19,19833.150390625,45669.30078125,31353.55078125,11.600000381469727
2023-07-20,19979.150390625,46186.8984375,31145.94921875,11.789999961853027
2023-07-21,19745.0,46075.19921875,29871.05078125,11.489999771118164
2023-07-24,19672.349609375,45923.05078125,29843.44921875,11.649999618530273
2023-07-25,19680.599609375,45845.0,29761.150390625,10.239999771118164
2023-07-26,19778.30078125,46062.3515625,29800.400390625,10.460000038146973
2023-07-27,19659.900390625,45679.30078125,29745.0,10.510000228881836
2023-07-28,19646.05078125,45468.1015625,29490.25,10.140000343322754
2023-07-31,19753.80078125,45651.1015625,29928.44921875,10.40999984741211
2023-08-01,19733.55078125,45592.5,30288.650390625,10.279999732971191
2023-08-02,19526.55078125,44995.69921875,30043.599609375,11.279999732971191
2023-08-03,19381.650390625,44513.44921875,29971.150390625,11.1899995803833
2023-08-04,19517.0,44879.5,30436.099609375,10.569999694824219
2023-08-07,19597.30078125,44837.5,30779.25,11.100000381469727
2023-08-08,19570.849609375,44964.44921875,30824.94921875,11.329999923706055
2023-08-09,19632.55078125,44880.69921875,30940.05078125,11.140000343322754
2023-08-10,19543.099609375,44541.80078125,30867.0,11.399999618530273
2023-08-11,19428.30078125,44199.1015625,30819.150390625,11.520000457763672
2023-08-14,19434.55078125,44090.94921875,31028.900390625,12.0
2023-08-16,19465.0,43946.3984375,31212.099609375,12.130000114440918
2023-08-17,19365.25,43891.3515625,31060.19921875,12.239999771118164
2023-08-18,19310.150390625,43851.05078125,30604.05078125,12.140000343322754
2023-08-21,19393.599609375,44002.0,30937.599609375,11.960000038146973
2023-08-22,19396.44921875,43993.25,30902.400390625,11.75
2023-08-23,19444.0,44479.05078125,30924.099609375,11.729999542236328
2023-08-24,19386.69921875,44496.19921875,31112.150390625,11.699999809265137
2023-08-25,19265.80078125,44231.44921875,30914.55078125,12.079999923706055
2023-08-28,19306.05078125,44494.6484375,30773.599609375,12.399999618530273
2023-08-29,19342.650390625,44495.25,30866.05078125,12.229999542236328
2023-08-30,19347.44921875,44232.6015625,31103.900390625,11.800000190734863
2023-08-31,19253.80078125,43989.1484375,31164.900390625,12.0600004196167
2023-09-01,19435.30078125,44436.1015625,31514.349609375,11.369999885559082
2023-09-04,19528.80078125,44578.30078125,32163.94921875,10.960000038146973
2023-09-05,19574.900390625,44532.1484375,32365.30078125,10.819999694824219
2023-09-06,19611.05078125,44409.1015625,32312.30078125,10.680000305175781
2023-09-07,19727.05078125,44878.3515625,32448.349609375,10.869999885559082
2023-09-08,19819.94921875,45156.3984375,32415.650390625,10.779999732971191
2023-09-11,19996.349609375,45570.69921875,32642.80078125,11.350000381469727
2023-09-12,19993.19921875,45511.3515625,32977.8984375,11.6899995803833
2023-09-13,20070.0,45909.44921875,32886.69921875,11.829999923706055
2023-09-14,20103.099609375,46000.8515625,33045.3984375,11.319999694824219
2023-09-15,20192.349609375,46231.5,33355.05078125,10.899999618530273
2023-09-18,20133.30078125,45979.8515625,33129.5,10.84000015258789
2023-09-20,19901.400390625,45384.6015625,32949.19921875,11.130000114440918
2023-09-21,19742.349609375,44623.8515625,32919.94921875,10.819999694824219
2023-09-22,19674.25,44612.05078125,32906.30078125,10.65999984741211
2023-09-25,19674.55078125,44766.1015625,32648.599609375,10.899999618530273
2023-09-26,19664.69921875,44624.19921875,32471.0,11.1899995803833
2023-09-27,19716.44921875,44588.30078125,32594.650390625,11.59000015258789
2023-09-28,19523.55078125,44300.94921875,31879.599609375,12.819999694824219
2023-09-29,19638.30078125,44584.55078125,31784.400390625,11.449999809265137
2023-10-03,19528.75,44399.05078125,31717.25,11.789999961853027
2023-10-04,19436.099609375,43964.05078125,31811.5,11.65999984741211
2023-10-05,19545.75,44213.3515625,32125.400390625,10.9399995803833
2023-10-06,19653.5,44360.6015625,32341.69921875,10.300000190734863
2023-10-09,19512.349609375,43886.5,32308.55078125,11.399999618530273
2023-10-10,19689.849609375,44360.1484375,32569.44921875,11.270000457763672
2023-10-11,19811.349609375,44516.8984375,32548.05078125,10.989999771118164
2023-10-12,19794.0,44599.19921875,32003.650390625,10.619999885559082
2023-10-13,19751.05078125,44287.94921875,31807.94921875,10.619999885559082
2023-10-16,19731.75,44225.8984375,31750.400390625,11.069999694824219
2023-10-17,19811.5,44409.5,31794.900390625,10.699999809265137
2023-10-18,19671.099609375,43888.69921875,31606.650390625,10.970000267028809
2023-10-19,19624.69921875,43754.5,31540.05078125,10.899999618530273
2023-10-20,19542.650390625,43723.05078125,31469.349609375,10.819999694824219
2023-10-23,19281.75,43151.19921875,30848.400390625,10.90999984741211
2023-10-25,19122.150390625,42832.0,30530.5,11.3100004196167
2023-10-26,18857.25,42280.1484375,30225.650390625,11.729999542236328
2023-10-27,19047.25,42782.0,30599.69921875,10.90999984741211
2023-10-30,19140.900390625,43039.1484375,30641.0,11.489999771118164
2023-10-31,19079.599609375,42845.94921875,30582.25,11.829999923706055
2023-11-01,18989.150390625,42700.94921875,30344.849609375,12.050000190734863
2023-11-02,19133.25,43017.19921875,30582.75,11.079999923706055
2023-11-03,19230.599609375,43318.25,30779.94921875,10.880000114440918
2023-11-06,19411.75,43619.3984375,30972.94921875,11.109999656677246
2023-11-07,19406.69921875,43737.8984375,30981.599609375,11.1899995803833
2023-11-08,19443.5,43658.6484375,30917.19921875,11.039999961853027
2023-11-09,19395.30078125,43683.6015625,30717.69921875,10.979999542236328
2023-11-10,19425.349609375,43820.1015625,30639.05078125,11.109999656677246
2023-11-13,19443.55078125,43891.25,30635.849609375,11.1899995803833
2023-11-15,19675.44921875,44201.69921875,31429.349609375,11.140000343322754
2023-11-16,19765.19921875,44161.55078125,32273.349609375,11.649999618530273
2023-11-17,19731.80078125,43583.94921875,32191.349609375,11.829999923706055
2023-11-20,19694.0,43584.94921875,32383.19921875,12.149999618530273
2023-11-21,19783.400390625,43689.1484375,32325.69921875,12.229999542236328
2023-11-22,19811.849609375,43449.6015625,32564.400390625,11.869999885559082
2023-11-23,19802.0,43577.5,32370.650390625,11.319999694824219
2023-11-24,19794.69921875,43769.1015625,32055.150390625,11.329999923706055
2023-11-28,19889.69921875,43880.94921875,32118.5,12.180000305175781
2023-11-29,20096.599609375,44566.44921875,32608.400390625,12.710000038146973
2023-11-30,20133.150390625,44481.75,32582.19921875,12.6899995803833
2023-12-01,20267.900390625,44814.19921875,32598.69921875,12.380000114440918
2023-12-04,20686.80078125,46431.3984375,32665.55078125,12.989999771118164
2023-12-05,20855.099609375,47012.25,32479.150390625,13.460000038146973
2023-12-06,20937.69921875,46834.55078125,33022.6015625,13.739999771118164
2023-12-07,20901.150390625,46841.3984375,32961.6015625,12.670000076293945
2023-12-08,20969.400390625,47262.0,33392.8984375,12.470000267028809
2023-12-11,20997.099609375,47314.25,33514.25,12.760000228881836
2023-12-12,20906.400390625,47097.55078125,33493.8984375,12.710000038146973
2023-12-13,20926.349609375,47092.25,33066.6484375,12.069999694824219
2023-12-14,21182.69921875,47732.30078125,34223.3515625,12.319999694824219
2023-12-15,21456.650390625,48143.55078125,35782.44921875,13.130000114440918
2023-12-18,21418.650390625,47867.69921875,35685.55078125,13.899999618530273
2023-12-19,21453.099609375,47870.8984375,35345.0,13.869999885559082
2023-12-20,21150.150390625,47445.30078125,34741.05078125,14.449999809265137
2023-12-21,21255.05078125,47840.1484375,34846.05078125,13.760000228881836
2023-12-22,21349.400390625,47491.8515625,35637.80078125,13.710000038146973
2023-12-26,21441.349609375,47724.8515625,35493.44921875,14.680000305175781
2023-12-27,21654.75,48282.19921875,35741.0,15.5600004196167
2023-12-28,21778.69921875,48508.55078125,35691.6484375,15.140000343322754
2023-12-29,21731.400390625,48292.25,35515.0,14.5
2024-01-02,21665.80078125,47761.6484375,35283.1015625,14.579999923706055
2024-01-03,21517.349609375,47704.94921875,34395.44921875,14.100000381469727
2024-01-04,21658.599609375,48195.8515625,34409.3984375,13.329999923706055
2024-01-05,21710.80078125,48159.0,34851.75,12.630000114440918
2024-01-08,21513.0,47450.25,34514.6484375,13.460000038146973
2024-01-09,21544.849609375,47242.6484375,34662.44921875,13.260000228881836
2024-01-10,21618.69921875,47360.8515625,34834.3515625,12.970000267028809
2024-01-11,21647.19921875,47438.3515625,34735.25,12.770000457763672
2024-01-12,21894.55078125,47709.80078125,36521.69921875,13.100000381469727
2024-01-15,22097.44921875,48158.30078125,37201.94921875,13.789999961853027
2024-01-16,22032.30078125,48125.1015625,36727.1015625,13.569999694824219
2024-01-17,21571.94921875,46064.44921875,36960.3984375,15.079999923706055
2024-01-18,21462.25,45713.55078125,36730.5,14.069999694824219
2024-01-19,21622.400390625,45701.1484375,37069.25,13.880000114440918
2024-01-23,21238.80078125,45015.05078125,36521.3515625,14.850000381469727
2024-01-24,21453.94921875,45082.3984375,37090.1484375,14.380000114440918
2024-01-25,21352.599609375,44866.1484375,36496.19921875,13.869999885559082
2024-01-29,21737.599609375,45442.3515625,36531.8984375,15.680000305175781
2024-01-30,21522.099609375,45367.75,36381.94921875,16.100000381469727
2024-01-31,21725.69921875,45996.80078125,36638.3984375,16.049999237060547
2024-02-01,21697.44921875,46188.6484375,36534.55078125,14.460000038146973
2024-02-02,21853.80078125,45970.94921875,37323.25,14.699999809265137
2024-02-05,21771.69921875,45825.55078125,37162.1484375,15.619999885559082
2024-02-06,21929.400390625,45690.80078125,38246.30078125,15.789999961853027
2024-02-07,21930.5,45818.5,37767.75,15.510000228881836
2024-02-08,21717.94921875,45012.0,37851.6015625,15.829999923706055
2024-02-09,21782.5,45634.55078125,37699.25,15.449999809265137
2024-02-12,21616.05078125,44882.25,37998.0,16.059999465942383
2024-02-13,21743.25,45502.3984375,38204.0,15.8100004196167
2024-02-14,21840.05078125,45908.30078125,37775.3984375,15.4399995803833
2024-02-15,21910.75,46218.8984375,37999.55078125,15.229999542236328
2024-02-16,22040.69921875,46384.8515625,38477.05078125,15.220000267028809
2024-02-20,22196.94921875,47094.19921875,38029.69921875,16.06999969482422
2024-02-21,22055.05078125,47019.69921875,37405.8984375,15.930000305175781
2024-02-22,22217.44921875,46919.80078125,38130.1484375,15.199999809265137
2024-02-23,22212.69921875,46811.75,38045.6484375,14.970000267028809
2024-02-26,22122.05078125,46576.5,37598.6484375,15.600000381469727
2024-02-27,22198.349609375,46588.05078125,37870.25,15.729999542236328
2024-02-28,21951.150390625,45963.1484375,37741.75,16.329999923706055
2024-02-29,21982.80078125,46120.8984375,37720.3984375,15.569999694824219
2024-03-01,22338.75,47286.8984375,37516.05078125,15.239999771118164
2024-03-04,22405.599609375,47456.1015625,37314.80078125,14.920000076293945
2024-03-05,22356.30078125,47581.0,36720.75,14.380000114440918
2024-03-06,22474.05078125,47965.3984375,37001.80078125,14.300000190734863
2024-03-07,22493.55078125,47835.80078125,37099.8984375,13.609999656677246
2024-03-11,22332.650390625,47327.8515625,36988.30078125,14.0
2024-03-12,22335.69921875,47282.3984375,37224.25,13.640000343322754
2024-03-13,21997.69921875,46981.30078125,36946.44921875,14.430000305175781
2024-03-14,22146.650390625,46789.94921875,37679.6015625,13.619999885559082
2024-03-15,22023.349609375,46594.1015625,37500.69921875,13.6899995803833
2024-03-18,22055.69921875,46575.8984375,36886.05078125,13.899999618530273
2024-03-19,21817.44921875,46384.80078125,35814.6484375,14.109999656677246
2024-03-20,21839.099609375,46310.8984375,35748.8984375,13.470000267028809
2024-03-21,22011.94921875,46684.8984375,36026.80078125,12.510000228881836
2024-03-22,22096.75,46863.75,35188.3984375,12.220000267028809
2024-03-26,22004.69921875,46600.19921875,34969.1015625,12.819999694824219
2024-03-27,22123.650390625,46785.94921875,34744.3515625,12.699999809265137
2024-03-28,22326.900390625,47124.6015625,34898.1484375,12.829999923706055
2024-04-01,22462.0,47578.25,35042.80078125,12.079999923706055
2024-04-02,22453.30078125,47545.44921875,34793.94921875,11.649999618530273
2024-04-03,22434.650390625,47624.25,35047.3984375,11.369999885559082
2024-04-04,22514.650390625,48060.80078125,35426.69921875,11.220000267028809
2024-04-05,22513.69921875,48493.05078125,35247.8984375,11.34000015258789
2024-04-08,22666.30078125,48581.69921875,35064.1484375,11.609999656677246
2024-04-09,22642.75,48730.55078125,35079.3515625,11.359999656677246
2024-04-10,22753.80078125,48986.6015625,35293.1484375,11.109999656677246
2024-04-12,22519.400390625,48564.55078125,35018.1015625,11.529999732971191
2024-04-15,22272.5,47773.25,34463.6015625,12.470000267028809
2024-04-16,22147.900390625,47484.80078125,33574.94921875,12.619999885559082
2024-04-18,21995.849609375,47069.44921875,33498.6484375,13.039999961853027
2024-04-19,22147.0,47574.1484375,33368.30078125,13.460000038146973
2024-04-22,22336.400390625,47924.8984375,33538.80078125,12.699999809265137
2024-04-23,22368.0,47970.44921875,33714.55078125,10.199999809265137
2024-04-24,22402.400390625,48189.0,33442.55078125,10.279999732971191
2024-04-25,22570.349609375,48494.94921875,33554.44921875,10.729999542236328
2024-04-26,22419.94921875,48201.05078125,33666.25,10.930000305175781
2024-04-29,22643.400390625,49424.05078125,33579.3984375,12.239999771118164
2024-04-30,22604.849609375,49396.75,33200.94921875,12.869999885559082
2024-05-02,22648.19921875,49231.05078125,33203.3515625,13.449999809265137
2024-05-03,22475.849609375,48923.55078125,32908.3984375,14.619999885559082
2024-05-06,22442.69921875,48895.30078125,33217.1484375,16.600000381469727
2024-05-07,22302.5,48285.3515625,33473.0,17.010000228881836
2024-05-08,22302.5,48021.1015625,33335.1484375,17.079999923706055
2024-05-09,21957.5,47487.8984375,33205.8515625,18.200000762939453
2024-05-10,22055.19921875,47421.1015625,32935.1484375,18.469999313354492
2024-05-13,22104.05078125,47754.1015625,33074.6015625,20.600000381469727
2024-05-14,22217.849609375,47859.44921875,33122.8515625,20.200000762939453
2024-05-15,22200.55078125,47687.44921875,33117.3984375,20.270000457763672
2024-05-16,22403.849609375,47977.05078125,33668.44921875,20.0
2024-05-17,22466.099609375,48115.6484375,33381.8515625,19.799999237060547
2024-05-21,22529.05078125,48048.19921875,33379.75,21.809999465942383
2024-05-22,22597.80078125,47781.94921875,33613.1015625,21.469999313354492
2024-05-23,22967.650390625,48768.6015625,34042.8515625,21.3799991607666
2024-05-24,22957.099609375,48971.6484375,33824.30078125,21.709999084472656
2024-05-27,22932.44921875,49281.80078125,33995.25,23.190000534057617
2024-05-28,22888.150390625,49142.1484375,33880.8515625,24.200000762939453
2024-05-29,22704.69921875,48501.3515625,33542.69921875,24.18000030517578
2024-05-30,22488.650390625,48682.3515625,32806.75,24.18000030517578
2024-05-31,22530.69921875,48983.94921875,32386.099609375,24.600000381469727
2024-06-03,23263.900390625,50979.94921875,32511.400390625,20.940000534057617
2024-06-04,21884.5,46928.6015625,32315.55078125,26.75
2024-06-05,22620.349609375,49054.6015625,33087.94921875,18.889999389648438
2024-06-06,22821.400390625,49291.8984375,34023.80078125,16.799999237060547
2024-06-07,23290.150390625,49803.19921875,35169.8984375,16.8799991607666
2024-06-10,23259.19921875,49780.8984375,34526.25,16.399999618530273
2024-06-11,23264.849609375,49705.75,34531.44921875,14.770000457763672
2024-06-12,23322.94921875,49895.1015625,34547.44921875,14.390000343322754
2024-06-13,23398.900390625,49846.69921875,34902.05078125,13.489999771118164
2024-06-14,23465.599609375,50002.0,34598.55078125,12.819999694824219
2024-06-18,23557.900390625,50440.8984375,34802.94921875,12.970000267028809
2024-06-19,23516.0,51398.05078125,34927.1015625,13.710000038146973
2024-06-20,23567.0,51783.25,34936.44921875,13.350000381469727
2024-06-21,23501.099609375,51661.44921875,35200.30078125,13.180000305175781
2024-06-24,23537.849609375,51703.94921875,35143.80078125,14.0600004196167
2024-06-25,23721.30078125,52606.0,35426.8984375,14.3100004196167
2024-06-26,23868.80078125,52870.5,35406.6015625,14.050000190734863
2024-06-27,24044.5,52811.30078125,36123.69921875,14.149999618530273
2024-06-28,24010.599609375,52342.25,36157.5,13.800000190734863
2024-07-01,24141.94921875,52574.75,36869.19921875,13.829999923706055
2024-07-02,24123.849609375,52168.1015625,37299.1484375,13.640000343322754
2024-07-03,24286.5,53089.25,37314.3515625,13.210000038146973
2024-07-04,24302.150390625,53103.69921875,37725.8984375,12.859999656677246
2024-07-05,24323.849609375,52660.3515625,37720.75,12.699999809265137
2024-07-08,24320.55078125,52425.80078125,37742.25,13.600000381469727
2024-07-09,24433.19921875,52568.80078125,37668.6484375,14.279999732971191
2024-07-10,24324.44921875,52189.30078125,37280.75,14.430000305175781
2024-07-11,24315.94921875,52270.6484375,37332.6015625,14.0
2024-07-12,24502.150390625,52278.8984375,39023.0,13.729999542236328
2024-07-15,24586.69921875,52455.8984375,38911.3515625,14.1899995803833
2024-07-16,24613.0,52396.80078125,39141.5,14.220000267028809
2024-07-18,24800.849609375,52620.69921875,40010.3984375,14.510000228881836
2024-07-19,24530.900390625,52265.6015625,39923.30078125,14.829999923706055
2024-07-22,24509.25,52280.3984375,39773.1484375,15.4399995803833
2024-07-23,24479.05078125,51778.30078125,40044.69921875,12.75
2024-07-24,24413.5,51317.0,40115.05078125,11.760000228881836
2024-07-25,24406.099609375,50888.75,40055.5,12.619999885559082
2024-07-26,24834.849609375,51295.94921875,40977.3515625,12.25
2024-07-29,24836.099609375,51406.25,40820.1015625,12.949999809265137
2024-07-30,24857.30078125,51499.30078125,40776.3515625,12.880000114440918
2024-07-31,24951.150390625,51553.3984375,40851.1015625,13.25
2024-08-01,25010.900390625,51564.0,40709.3984375,12.930000305175781
2024-08-02,24717.69921875,51350.1484375,39730.30078125,14.319999694824219
2024-08-05,24055.599609375,50092.1015625,38435.94921875,20.3700008392334
2024-08-06,23992.55078125,49748.30078125,38624.19921875,18.739999771118164
2024-08-07,24297.5,50119.0,39194.80078125,16.170000076293945
2024-08-08,24117.0,50156.69921875,38448.30078125,16.600000381469727
2024-08-09,24367.5,50484.5,39043.30078125,15.34000015258789
2024-08-12,24347.0,50577.94921875,39109.55078125,15.869999885559082
2024-08-13,24139.0,49831.8515625,39114.8515625,16.170000076293945
2024-08-14,24143.75,49727.30078125,39731.25,15.4399995803833
2024-08-16,24541.150390625,50516.8984375,40878.25,14.399999618530273
2024-08-19,24572.650390625,50368.3515625,41236.8515625,14.319999694824219
2024-08-20,24698.849609375,50803.1484375,41572.80078125,13.819999694824219
2024-08-21,24770.19921875,50685.55078125,41570.8515625,13.329999923706055
2024-08-22,24811.5,50985.69921875,41506.19921875,13.0
2024-08-23,24823.150390625,50933.44921875,41089.8515625,13.550000190734863
2024-08-26,25010.599609375,51148.1015625,41662.1015625,13.800000190734863
2024-08-27,25017.75,51278.75,41709.25,13.630000114440918
2024-08-28,25052.349609375,51143.8515625,42394.3984375,13.949999809265137
2024-08-29,25151.94921875,51152.75,42591.6484375,13.789999961853027
2024-08-30,25235.900390625,51351.0,42787.80078125,13.390000343322754
2024-09-02,25278.69921875,51439.55078125,42975.6015625,14.0600004196167
2024-09-03,25279.849609375,51689.1015625,42851.30078125,13.84000015258789
2024-09-04,25198.69921875,51400.25,42450.5,14.380000114440918
2024-09-05,25145.099609375,51473.05078125,42644.6484375,14.210000038146973
2024-09-06,24852.150390625,50576.8515625,42228.8984375,15.220000267028809
2024-09-09,24936.400390625,51117.80078125,41919.05078125,14.239999771118164
2024-09-10,25041.099609375,51272.30078125,42644.19921875,13.359999656677246
2024-09-11,24918.44921875,51010.0,42473.30078125,13.630000114440918
2024-09-12,25388.900390625,51772.3984375,43152.1015625,13.180000305175781
2024-09-13,25356.5,51938.05078125,43394.3515625,12.550000190734863
2024-09-16,25383.75,52153.1484375,43352.6484375,12.460000038146973
2024-09-17,25418.55078125,52188.6484375,43415.0,12.59000015258789
2024-09-18,25377.55078125,52750.3984375,42089.30078125,13.369999885559082
2024-09-19,25415.80078125,53037.6015625,41945.6015625,12.470000267028809
2024-09-20,25790.94921875,53793.19921875,42204.3984375,12.789999961853027
2024-09-23,25939.05078125,54105.80078125,41987.44921875,13.789999961853027
2024-09-24,25940.400390625,53968.6015625,42243.94921875,13.390000343322754
2024-09-25,26004.150390625,54101.6484375,41960.94921875,12.739999771118164
2024-09-26,26216.05078125,54375.3515625,42160.8984375,12.0
2024-09-27,26178.94921875,53834.30078125,42312.6015625,11.960000038146973
2024-09-30,25810.849609375,52978.1015625,41946.1015625,12.789999961853027
2024-10-01,25796.900390625,52922.6015625,42434.80078125,11.989999771118164
2024-10-03,25250.099609375,51845.19921875,41762.6015625,13.170000076293945
2024-10-04,25014.599609375,51462.05078125,41912.5,14.130000114440918
2024-10-07,24795.75,50478.8984375,42190.6015625,15.079999923706055
2024-10-08,25013.150390625,51021.0,42387.55078125,14.59000015258789
2024-10-09,24981.94921875,51007.0,42622.75,14.119999885559082
2024-10-10,24998.44921875,51530.8984375,42088.80078125,13.5
2024-10-11,24964.25,51172.30078125,42335.69921875,13.220000267028809
2024-10-14,25127.94921875,51816.8984375,42872.75,13.0
2024-10-15,25057.349609375,51906.0,42731.30078125,13.0
2024-10-16,24971.30078125,51801.05078125,42230.69921875,13.050000190734863
2024-10-17,24749.849609375,51288.80078125,42734.3515625,13.390000343322754
2024-10-18,24854.05078125,52094.19921875,42106.5,13.039999961853027
2024-10-21,24781.099609375,51962.69921875,41562.69921875,13.760000228881836
2024-10-22,24472.099609375,51257.1484375,41238.80078125,14.399999618530273
2024-10-23,24435.5,51239.0,42222.1015625,14.619999885559082
2024-10-24,24399.400390625,51531.1484375,42139.8515625,13.970000267028809
2024-10-25,24180.80078125,50787.44921875,42038.8515625,14.630000114440918
2024-10-28,24339.150390625,51259.30078125,42205.3984375,14.289999961853027
2024-10-29,24466.849609375,52320.69921875,42031.44921875,14.520000457763672
2024-10-30,24340.849609375,51807.5,41668.6015625,15.510000228881836
2024-10-31,24205.349609375,51475.3515625,40407.55078125,15.550000190734863
2024-11-01,24304.349609375,51673.8984375,40433.6484375,15.899999618530273
2024-11-04,23995.349609375,51215.25,40421.80078125,16.690000534057617
2024-11-05,24213.30078125,52207.25,40424.6015625,16.1200008392334
2024-11-06,24484.05078125,52317.3984375,42039.5,14.869999885559082
2024-11-07,24199.349609375,51916.5,41752.3984375,14.9399995803833
2024-11-08,24148.19921875,51561.19921875,42050.1484375,14.470000267028809
2024-11-11,24141.30078125,51876.75,42590.30078125,14.270000457763672
2024-11-12,23883.44921875,51157.80078125,42609.55078125,14.59000015258789
2024-11-13,23559.05078125,50088.3515625,42369.5,15.4399995803833
2024-11-14,23532.69921875,50179.55078125,42390.8515625,14.779999732971191
2024-11-18,23453.80078125,50363.80078125,41406.55078125,15.170000076293945
2024-11-19,23518.5,50626.5,41748.3515625,15.65999984741211
2024-11-21,23349.900390625,50372.8984375,41952.80078125,15.989999771118164
2024-11-22,23907.25,51135.3984375,43332.1015625,16.100000381469727
2024-11-25,24221.900390625,52207.5,43618.1484375,15.300000190734863
2024-11-26,24194.5,52191.5,44085.94921875,15.3100004196167
2024-11-27,24274.900390625,52301.80078125,44018.69921875,14.630000114440918
2024-11-28,23914.150390625,51906.8515625,42968.75,15.210000038146973
2024-11-29,24131.099609375,52055.6015625,43146.25,14.430000305175781
2024-12-02,24276.05078125,52109.0,43547.0,14.699999809265137
2024-12-03,24457.150390625,52695.75,43754.94921875,14.369999885559082
2024-12-04,24467.44921875,53266.8984375,43949.25,14.449999809265137
2024-12-05,24708.400390625,53603.55078125,44806.3984375,14.529999732971191
2024-12-06,24677.80078125,53509.5,44716.05078125,14.140000343322754
2024-12-09,24619.0,53407.75,44832.0,14.109999656677246
2024-12-10,24610.05078125,53577.69921875,45199.75,13.779999732971191
2024-12-11,24641.80078125,53391.3515625,45350.3515625,13.270000457763672
2024-12-12,24548.69921875,53216.44921875,45701.6484375,13.1899995803833
2024-12-13,24768.30078125,53583.80078125,45995.80078125,13.050000190734863
2024-12-16,24668.25,53581.3515625,45653.6015625,14.020000457763672
2024-12-17,24336.0,52834.80078125,45413.75,14.489999771118164
2024-12-18,24198.849609375,52139.55078125,45526.8515625,14.369999885559082
2024-12-19,23951.69921875,51575.69921875,44954.19921875,14.510000228881836
2024-12-20,23587.5,50759.19921875,43771.05078125,15.069999694824219
2024-12-23,23753.44921875,51317.6015625,43828.3515625,13.520000457763672
2024-12-24,23727.650390625,51233.0,43668.8984375,13.180000305175781
2024-12-26,23750.19921875,51170.69921875,43664.25,14.039999961853027
2024-12-27,23813.400390625,51311.30078125,43721.3984375,13.239999771118164
2024-12-30,23644.900390625,50952.75,43971.44921875,13.970000267028809
2024-12-31,23644.80078125,50860.19921875,43337.80078125,14.449999809265137
2025-01-02,24188.650390625,51605.55078125,44351.75,13.739999771118164
2025-01-03,24004.75,50988.80078125,43726.55078125,13.539999961853027
2025-01-06,23616.05078125,49922.0,43674.8515625,15.649999618530273
2025-01-07,23707.900390625,50202.1484375,43375.8515625,14.65999984741211
2025-01-08,23688.94921875,49835.05078125,43634.25,14.470000267028809
2025-01-09,23526.5,49503.5,43126.44921875,14.65999984741211
2025-01-10,23431.5,48734.1484375,44609.5,14.920000076293945
2025-01-13,23085.94921875,48041.25,43999.1015625,16.0
2025-01-14,23176.05078125,48729.1484375,43061.19921875,15.470000267028809
2025-01-15,23213.19921875,48751.69921875,43401.25,15.260000228881836
2025-01-16,23311.80078125,49278.69921875,43188.8515625,15.470000267028809
2025-01-17,23203.19921875,48540.6015625,42032.19921875,15.75
2025-01-20,23344.75,49350.80078125,42192.80078125,16.420000076293945
2025-01-21,23024.650390625,48570.8984375,41697.94921875,17.059999465942383
2025-01-22,23155.349609375,48724.3984375,42590.69921875,16.770000457763672
2025-01-23,23205.349609375,48589.0,43351.75,16.700000762939453
2025-01-24,23092.19921875,48367.80078125,43524.1015625,16.75
2025-01-27,22829.150390625,48064.6484375,42060.69921875,18.1299991607666
2025-01-28,22957.25,48866.8515625,41820.6484375,18.200000762939453
2025-01-29,23163.099609375,49165.94921875,42914.5,18.639999389648438
2025-01-30,23249.5,49311.94921875,42426.6484375,17.389999389648438
2025-01-31,23508.400390625,49587.19921875,42662.75,16.25
2025-02-03,23361.05078125,49210.55078125,42314.25,14.350000381469727
2025-02-04,23739.25,50157.94921875,42860.19921875,14.020000457763672
2025-02-05,23696.30078125,50343.05078125,42888.30078125,14.079999923706055
2025-02-06,23603.349609375,50382.1015625,43020.94921875,14.180000305175781
2025-02-07,23559.94921875,50158.8515625,42921.6484375,13.6899995803833
2025-02-10,23381.599609375,49981.0,42596.55078125,14.449999809265137
2025-02-11,23071.80078125,49403.3984375,41968.30078125,14.869999885559082
2025-02-12,23045.25,49479.44921875,41733.0,14.899999618530273
2025-02-13,23031.400390625,49359.8515625,41315.55078125,14.960000038146973
2025-02-14,22929.25,49099.44921875,41311.1484375,15.020000457763672
2025-02-17,22959.5,49258.8984375,41073.19921875,15.720000267028809
2025-02-18,22945.30078125,49087.30078125,41464.3515625,15.670000076293945
2025-02-19,22932.900390625,49570.1015625,40924.25,15.420000076293945
2025-02-20,22913.150390625,49334.55078125,40865.94921875,14.680000305175781
2025-02-21,22795.900390625,48981.19921875,40544.55078125,14.529999732971191
2025-02-24,22553.349609375,48651.94921875,39446.6015625,14.4399995803833
2025-02-25,22547.55078125,48608.3515625,39131.30078125,13.720000267028809
2025-02-27,22545.05078125,48743.80078125,38946.6484375,13.3100004196167
2025-02-28,22124.69921875,48344.69921875,37318.30078125,13.90999984741211
2025-03-03,22119.30078125,48114.30078125,37614.44921875,13.760000228881836
2025-03-04,22082.650390625,48245.19921875,37276.94921875,13.829999923706055
2025-03-05,22337.30078125,48489.94921875,38072.30078125,13.670000076293945
2025-03-06,22544.69921875,48627.69921875,38145.30078125,13.729999542236328
2025-03-07,22552.5,48497.5,37820.44921875,13.470000267028809
2025-03-10,22460.30078125,48216.80078125,37644.3984375,13.989999771118164
2025-03-11,22497.900390625,47853.94921875,37400.1015625,14.069999694824219
2025-03-12,22470.5,48056.6484375,36310.6484375,13.6899995803833
2025-03-13,22397.19921875,48060.3984375,36122.5,13.279999732971191
2025-03-17,22508.75,48354.1484375,36137.19921875,13.420000076293945
2025-03-18,22834.30078125,49314.5,36619.3515625,13.210000038146973
2025-03-19,22907.599609375,49702.6015625,36223.5,13.300000190734863
2025-03-20,23190.650390625,50062.8515625,36676.6484375,12.600000381469727
2025-03-21,23350.400390625,50593.55078125,36702.80078125,12.579999923706055
2025-03-24,23658.349609375,51704.94921875,37217.05078125,13.699999809265137
2025-03-25,23668.650390625,51607.94921875,37706.8984375,13.640000343322754
2025-03-26,23486.849609375,51209.0,37336.69921875,13.470000267028809
2025-03-27,23591.94921875,51575.8515625,37548.30078125,13.300000190734863
2025-03-28,23519.349609375,51564.8515625,36886.1484375,12.720000267028809
2025-04-01,23165.69921875,50827.5,35980.6484375,13.779999732971191
2025-04-02,23332.349609375,51348.05078125,36283.5,13.720000267028809
2025-04-03,23250.099609375,51597.3515625,34757.25,13.600000381469727
2025-04-04,22904.44921875,51502.69921875,33511.44921875,13.760000228881836
2025-04-07,22161.599609375,49860.1015625,32668.80078125,22.790000915527344
2025-04-08,22535.849609375,50511.0,33244.3984375,20.440000534057617
2025-04-09,22399.150390625,50240.1484375,32517.349609375,21.43000030517578
2025-04-11,22828.55078125,51002.3515625,32740.849609375,20.110000610351562
2025-04-15,23328.55078125,52379.5,33275.30078125,16.1299991607666
2025-04-16,23437.19921875,53117.75,33295.5,15.869999885559082
2025-04-17,23851.650390625,54290.19921875,33372.3515625,15.470000267028809
2025-04-21,24125.55078125,55304.5,34135.05078125,15.520000457763672
2025-04-22,24167.25,55647.19921875,33941.05078125,15.229999542236328
2025-04-23,24328.94921875,55370.05078125,35414.6484375,15.960000038146973
2025-04-24,24246.69921875,55201.3984375,35307.1015625,16.25
2025-04-25,24039.349609375,54664.05078125,35562.25,17.15999984741211
2025-04-28,24328.5,55432.80078125,35482.94921875,16.940000534057617
2025-04-29,24335.94921875,55391.25,35920.3984375,17.3700008392334
2025-04-30,24334.19921875,55087.1484375,35794.94921875,18.219999313354492
2025-05-02,24346.69921875,55115.3515625,35891.8515625,18.260000228881836
2025-05-05,24461.150390625,54919.5,35991.25,18.34000015258789
2025-05-06,24379.599609375,54271.3984375,35869.19921875,19.0
2025-05-07,24414.400390625,54610.8984375,35920.30078125,19.059999465942383
2025-05-08,24273.80078125,54365.6484375,36002.44921875,21.010000228881836
2025-05-09,24008.0,53595.25,35880.1015625,21.6299991607666
2025-05-12,24924.69921875,55382.8515625,38282.55078125,18.389999389648438
2025-05-13,24578.349609375,54940.8515625,37354.6015625,18.200000762939453
2025-05-14,24666.900390625,54801.30078125,37853.55078125,17.229999542236328
2025-05-15,25062.099609375,55355.6015625,38293.80078125,16.889999389648438
2025-05-16,25019.80078125,55354.8984375,37972.3515625,16.549999237060547
2025-05-19,24945.44921875,55420.69921875,37477.80078125,17.360000610351562
2025-05-20,24683.900390625,54877.3515625,37283.5,17.389999389648438
2025-05-21,24813.44921875,55075.1015625,37540.1015625,17.549999237060547
2025-05-22,24609.69921875,54941.30078125,37050.1484375,17.260000228881836
2025-05-23,24853.150390625,55398.25,37403.55078125,17.280000686645508
2025-05-26,25001.150390625,55572.0,37785.8984375,18.020000457763672
2025-05-27,24826.19921875,55352.80078125,37501.44921875,18.540000915527344
2025-05-28,24752.44921875,55417.0,37465.75,18.020000457763672
2025-05-29,24833.599609375,55546.05078125,37754.1484375,16.420000076293945
2025-05-30,24750.69921875,55749.69921875,37321.75,16.079999923706055
2025-06-02,24716.599609375,55903.3984375,37061.8515625,17.15999984741211
2025-06-03,24542.5,55599.94921875,36814.8984375,16.559999465942383
2025-06-04,24620.19921875,55676.8515625,36938.1015625,15.75
2025-06-05,24750.900390625,55760.8515625,37107.94921875,15.079999923706055
2025-06-06,25003.05078125,56578.3984375,37294.8515625,14.630000114440918
2025-06-09,25103.19921875,56839.6015625,37669.19921875,14.6899995803833
2025-06-10,25104.25,56629.1015625,38300.0,14.020000457763672
2025-06-11,25141.400390625,56459.75,38784.30078125,13.670000076293945
2025-06-12,24888.19921875,56082.55078125,38460.30078125,14.020000457763672
2025-06-13,24718.599609375,55527.3515625,38469.25,15.079999923706055
2025-06-16,24946.5,55944.8984375,39073.05078125,14.84000015258789
2025-06-17,24853.400390625,55714.1484375,39356.1015625,14.399999618530273
2025-06-18,24812.05078125,55828.75,39030.8984375,14.279999732971191
2025-06-19,24793.25,55577.44921875,38664.94921875,14.260000228881836
2025-06-20,25112.400390625,56252.8515625,38991.44921875,13.670000076293945
2025-06-23,24971.900390625,56059.3515625,38414.1015625,14.050000190734863
2025-06-24,25044.349609375,56461.8984375,38417.94921875,13.640000343322754
2025-06-25,25244.75,56621.1484375,39046.30078125,12.960000038146973
2025-06-26,25549.0,57206.69921875,38996.25,12.59000015258789
2025-06-27,25637.80078125,57443.8984375,38822.94921875,12.390000343322754
2025-06-30,25517.05078125,57312.75,38950.0,12.789999961853027
2025-07-01,25541.80078125,57459.44921875,38833.1484375,12.529999732971191
2025-07-02,25453.400390625,56999.19921875,38879.1015625,12.449999809265137
2025-07-03,25405.30078125,56791.94921875,38854.30078125,12.390000343322754
2025-07-04,25461.0,57031.8984375,39166.55078125,12.319999694824219
2025-07-07,25461.30078125,56949.19921875,38866.94921875,12.5600004196167
2025-07-08,25522.5,57256.30078125,38983.25,12.199999809265137
2025-07-09,25476.099609375,57213.55078125,38680.8515625,11.9399995803833
2025-07-10,25355.25,56956.0,38376.6484375,11.670000076293945
2025-07-11,25149.849609375,56754.69921875,37693.25,11.819999694824219
2025-07-14,25082.30078125,56765.3515625,37273.69921875,11.979999542236328
2025-07-15,25195.80078125,57006.6484375,37424.6015625,11.479999542236328
2025-07-16,25212.05078125,57168.94921875,37660.75,11.239999771118164
2025-07-17,25111.44921875,56828.80078125,37138.55078125,11.239999771118164
2025-07-18,24968.400390625,56283.0,37141.8984375,11.390000343322754
2025-07-21,25090.69921875,56952.75,37031.75,11.199999809265137
2025-07-22,25060.900390625,56756.0,36858.8984375,10.75
2025-07-23,25219.900390625,57210.44921875,36951.5,10.520000457763672
2025-07-24,25062.099609375,57066.05078125,36135.80078125,10.720000267028809
2025-07-25,24837.0,56528.8984375,35623.75,11.279999732971191
2025-07-28,24680.900390625,56084.8984375,35370.05078125,12.0600004196167
2025-07-29,24821.099609375,56222.0,35373.25,11.529999732971191
2025-07-30,24855.05078125,56150.69921875,35481.69921875,11.210000038146973
2025-07-31,24768.349609375,55961.94921875,35301.6484375,11.539999961853027
2025-08-01,24565.349609375,55617.6015625,34649.6015625,11.979999542236328
2025-08-04,24722.75,55619.3515625,35203.3515625,11.970000267028809
2025-08-05,24649.55078125,55360.25,35034.5,11.710000038146973
2025-08-06,24574.19921875,55411.1484375,34426.25,11.960000038146973
2025-08-07,24596.150390625,55521.1484375,34726.80078125,11.6899995803833
2025-08-08,24363.30078125,55004.8984375,34398.5,12.029999732971191
2025-08-11,24585.05078125,55510.75,34544.6484375,12.220000267028809
2025-08-12,24487.400390625,55043.69921875,34674.30078125,12.229999542236328
2025-08-13,24619.349609375,55181.44921875,34692.94921875,12.140000343322754
2025-08-14,24631.30078125,55341.8515625,34833.19921875,12.359999656677246
2025-08-18,24876.94921875,55734.8984375,34634.94921875,12.34000015258789
2025-08-19,24980.650390625,55865.1484375,34756.69921875,11.789999961853027
2025-08-20,25050.55078125,55698.5,35690.05078125,11.789999961853027
2025-08-21,25083.75,55755.44921875,35723.8984375,11.369999885559082
2025-08-22,24870.099609375,55149.3984375,35440.8515625,11.729999542236328
2025-08-25,24967.75,55139.30078125,36280.1015625,11.760000228881836
2025-08-26,24712.05078125,54450.44921875,36063.19921875,12.1899995803833
2025-08-28,24500.900390625,53820.3515625,35488.80078125,12.180000305175781
2025-08-29,24426.849609375,53655.6484375,35181.25,11.75
2025-09-01,24625.05078125,54002.44921875,35740.6484375,11.289999961853027
2025-09-02,24579.599609375,53661.0,35737.8984375,11.399999618530273
2025-09-03,24715.05078125,54067.55078125,35474.94921875,10.930000305175781
2025-09-04,24734.30078125,54075.44921875,35143.1015625,10.850000381469727
2025-09-05,24741.0,54114.55078125,34635.8515625,10.779999732971191
2025-09-08,24773.150390625,54186.8984375,34310.44921875,10.84000015258789
2025-09-09,24868.599609375,54216.1015625,35255.94921875,10.6899995803833
2025-09-10,24973.099609375,54536.0,36183.80078125,10.539999961853027
2025-09-11,25005.5,54669.6015625,36003.5,10.359999656677246
2025-09-12,25114.0,54809.30078125,36110.75,10.119999885559082
2025-09-15,25069.19921875,54887.8515625,35902.19921875,10.399999618530273
2025-09-16,25239.099609375,55147.6015625,36212.1484375,10.270000457763672
2025-09-17,25330.25,55493.30078125,36447.1484375,10.25
2025-09-18,25423.599609375,55727.44921875,36750.25,9.890000343322754
2025-09-19,25327.05078125,55458.8515625,36578.25,9.970000267028809
2025-09-22,25202.349609375,55284.75,35500.1484375,10.5600004196167
2025-09-23,25169.5,55509.75,35249.1015625,10.630000114440918
2025-09-24,25056.900390625,55121.5,34994.30078125,10.520000457763672
2025-09-25,24890.849609375,54976.19921875,34548.30078125,10.779999732971191
2025-09-26,24654.69921875,54389.3515625,33702.0,11.430000305175781
2025-09-29,24634.900390625,54461.0,33693.1015625,11.369999885559082
2025-09-30,24611.099609375,54635.8515625,33655.1015625,11.069999694824219
2025-10-01,24836.30078125,55347.94921875,33905.19921875,10.289999961853027
2025-10-03,24894.25,55589.25,33949.75,10.0600004196167
2025-10-06,25077.650390625,56104.8515625,34722.55078125,10.1899995803833
2025-10-07,25108.30078125,56239.3515625,34709.44921875,10.050000190734863
2025-10-08,25046.150390625,56018.25,35232.25,10.3100004196167
2025-10-09,25181.80078125,56192.05078125,35628.5,10.119999885559082
2025-10-10,25285.349609375,56609.75,35609.05078125,10.100000381469727
2025-10-13,25227.349609375,56625.0,35330.80078125,11.010000228881836
2025-10-14,25145.5,56496.44921875,35214.8515625,11.15999984741211
2025-10-15,25323.55078125,56799.8984375,35401.80078125,10.529999732971191
2025-10-16,25585.30078125,57422.55078125,35531.05078125,10.869999885559082
2025-10-17,25709.849609375,57713.3515625,34950.69921875,11.630000114440918
2025-10-20,25843.150390625,58033.19921875,35292.6015625,11.359999656677246
2025-10-21,25868.599609375,58007.19921875,35299.75,11.300000190734863
2025-10-23,25891.400390625,58078.05078125,36078.6484375,11.729999542236328
2025-10-24,25795.150390625,57699.6015625,35986.3515625,11.59000015258789
2025-10-27,25966.05078125,58114.25,36129.1015625,11.859999656677246
2025-10-28,25936.19921875,58214.1015625,35860.3984375,11.949999809265137
2025-10-29,26053.900390625,58385.25,36090.1015625,11.970000267028809
2025-10-30,25877.849609375,58031.1015625,35906.3984375,12.069999694824219
2025-10-31,25722.099609375,57776.3515625,35712.3515625,12.149999618530273
2025-11-03,25763.349609375,58101.44921875,35653.1015625,12.670000076293945
2025-11-04,25597.650390625,57827.05078125,35274.55078125,12.649999618530273
2025-11-06,25509.69921875,57554.25,35337.6015625,12.40999984741211
2025-11-07,25492.30078125,57876.80078125,35117.6484375,12.5600004196167
2025-11-10,25574.349609375,57937.55078125,35688.25,12.300000190734863
2025-11-11,25694.94921875,58138.1484375,36116.8984375,12.489999771118164
2025-11-12,25875.80078125,58274.6484375,36855.3984375,12.109999656677246
2025-11-13,25879.150390625,58381.94921875,36679.5,12.15999984741211
2025-11-14,25910.05078125,58517.55078125,36301.25,11.9399995803833
2025-11-17,26013.44921875,58962.69921875,36375.19921875,11.789999961853027
2025-11-18,25910.05078125,58899.25,35975.19921875,12.100000381469727
2025-11-19,26052.650390625,59216.05078125,37044.6484375,11.970000267028809
2025-11-20,26192.150390625,59347.69921875,37043.30078125,12.140000343322754
2025-11-21,26068.150390625,58867.69921875,36885.3515625,13.630000114440918
2025-11-24,25959.5,58835.3515625,37037.94921875,13.239999771118164
2025-11-25,25884.80078125,58820.30078125,36826.8984375,12.239999771118164
2025-11-26,26205.30078125,59528.05078125,37364.6015625,11.970000267028809
2025-11-27,26215.55078125,59737.30078125,37446.30078125,11.789999961853027
2025-11-28,26202.94921875,59752.69921875,37405.5,11.619999885559082
2025-12-01,26175.75,59681.3515625,37549.75,11.630000114440918
2025-12-02,26032.19921875,59273.80078125,37541.25,11.229999542236328
2025-12-03,25986.0,59348.25,37825.25,11.210000038146973
2025-12-04,26033.75,59288.69921875,38360.25,10.819999694824219
2025-12-05,26186.44921875,59777.19921875,38703.6484375,10.319999694824219
2025-12-08,25960.55078125,59238.55078125,38590.69921875,11.130000114440918
2025-12-09,25839.650390625,59222.3515625,38130.6015625,10.949999809265137
2025-12-10,25758.0,58960.3984375,37789.8984375,10.90999984741211
2025-12-11,25898.55078125,59209.8515625,38097.0,10.399999618530273
2025-12-12,26046.94921875,59389.94921875,38274.75,10.109999656677246
2025-12-15,26027.30078125,59461.80078125,38386.30078125,10.25
2025-12-16,25860.099609375,59034.6015625,38062.5,10.0600004196167
2025-12-17,25818.55078125,58926.75,38172.05078125,9.84000015258789
2025-12-18,25815.55078125,58912.8515625,38633.3515625,9.710000038146973
2025-12-19,25966.400390625,59069.19921875,38691.6015625,9.520000457763672
2025-12-22,26172.400390625,59304.0,39488.0,9.680000305175781
2025-12-23,26177.150390625,59299.55078125,39173.69921875,9.380000114440918
2025-12-24,26142.099609375,59183.6015625,38974.80078125,9.1899995803833
2025-12-26,26042.30078125,59011.3515625,38572.30078125,9.149999618530273
2025-12-29,25942.099609375,58932.3515625,38282.69921875,9.720000267028809
2025-12-30,25938.849609375,59171.25,37998.6015625,9.680000305175781
2025-12-31,26129.599609375,59581.8515625,37884.05078125,9.479999542236328
2026-01-02,26328.55078125,60150.94921875,38320.30078125,9.449999809265137
2026-01-05,26250.30078125,60044.19921875,37771.1484375,10.020000457763672
2026-01-06,26178.69921875,60118.3984375,37977.3984375,10.020000457763672
2026-01-07,26140.75,59990.8515625,38688.80078125,9.949999809265137
2026-01-08,25876.849609375,59686.5,37920.30078125,10.600000381469727
2026-01-09,25683.30078125,59251.55078125,38027.19921875,10.930000305175781
2026-01-12,25790.25,59450.5,37988.25,11.369999885559082
2026-01-13,25732.30078125,59578.80078125,38236.6015625,11.199999809265137
2026-01-14,25665.599609375,59580.1484375,37822.69921875,11.319999694824219
2026-01-16,25694.349609375,60095.1484375,39086.6484375,11.369999885559082
2026-01-19,25585.5,59891.3515625,38902.5,11.829999923706055
2026-01-20,25232.5,59404.19921875,38101.05078125,12.729999542236328
2026-01-21,25157.5,58800.30078125,37992.30078125,13.779999732971191
2026-01-22,25289.900390625,59200.1015625,38301.75,13.350000381469727
2026-01-23,25048.650390625,58473.1015625,38238.5,14.1899995803833
2026-01-27,25175.400390625,59205.44921875,38566.1015625,14.449999809265137
2026-01-28,25342.75,59598.80078125,38725.3515625,13.529999732971191
2026-01-29,25418.900390625,59957.8515625,38431.30078125,13.369999885559082
2026-01-30,25320.650390625,59610.44921875,38036.1484375,13.630000114440918
2026-02-02,25088.400390625,58619.0,38074.1484375,13.869999885559082
2026-02-03,25727.55078125,60041.30078125,38611.75,12.899999618530273
2026-02-04,25776.0,60238.1484375,36345.6484375,12.25
2026-02-05,25642.80078125,60063.6484375,36143.30078125,12.170000076293945
2026-02-06,25693.69921875,60120.55078125,35611.05078125,11.9399995803833
2026-02-09,25867.30078125,60669.3515625,35616.6484375,12.1899995803833
2026-02-10,25935.150390625,60626.3984375,35722.19921875,11.670000076293945
2026-02-11,25953.849609375,60745.3515625,35095.1484375,11.550000190734863
2026-02-12,25807.19921875,60739.75,33160.19921875,11.729999542236328
2026-02-13,25471.099609375,60186.6484375,32681.5,13.289999961853027
2026-02-16,25682.75,60949.1015625,32738.05078125,13.329999923706055
2026-02-17,25725.400390625,61174.0,33075.05078125,12.670000076293945
2026-02-18,25819.349609375,61550.80078125,32668.30078125,12.220000267028809
2026-02-19,25454.349609375,60739.55078125,32319.400390625,13.460000038146973
2026-02-20,25571.25,61172.0,32004.05078125,14.359999656677246
2026-02-23,25713.0,61264.25,31550.5,14.170000076293945
2026-02-24,25424.650390625,61047.30078125,30053.5,14.149999618530273
2026-02-25,25482.5,61043.3515625,30526.349609375,13.489999771118164
2026-02-26,25496.55078125,61187.69921875,30554.19921875,13.0600004196167
2026-02-27,25178.650390625,60529.0,30603.849609375,13.699999809265137
2026-03-02,24865.69921875,59839.6484375,30272.94921875,17.1299991607666
2026-03-04,24480.5,58755.25,30305.30078125,21.139999389648438
2026-03-05,24765.900390625,59055.8515625,30126.80078125,17.860000610351562
2026-03-06,24450.44921875,57783.25,30138.400390625,19.8799991607666
2026-03-09,24028.05078125,56019.80078125,30162.05078125,23.360000610351562
2026-03-10,24261.599609375,56950.80078125,30024.05078125,18.90999984741211
2026-03-11,23866.849609375,55735.75,29651.69921875,21.059999465942383
2026-03-12,23639.150390625,55100.94921875,29579.44921875,21.520000457763672
2026-03-13,23151.099609375,53757.8515625,29071.30078125,22.649999618530273
2026-03-16,23408.80078125,54413.3984375,29042.55078125,21.600000381469727
2026-03-17,23581.150390625,54876.0,28760.900390625,19.790000915527344
2026-03-18,23777.80078125,55326.05078125,29559.30078125,18.719999313354492
2026-03-19,23002.150390625,53451.0,28579.599609375,22.799999237060547
2026-03-20,23114.5,53427.05078125,29199.599609375,22.809999465942383
2026-03-23,22512.650390625,51437.75,29147.05078125,26.729999542236328
2026-03-24,22912.400390625,52605.6484375,29648.900390625,24.739999771118164
2026-03-25,23306.44921875,53708.1015625,29671.30078125,24.639999389648438
2026-03-27,22819.599609375,52274.6015625,29541.650390625,26.799999237060547
2026-03-30,22331.400390625,50275.3515625,29062.599609375,27.889999389648438
2026-04-01,22679.400390625,51448.6484375,29669.05078125,25.010000228881836
2026-04-02,22713.099609375,51548.75,30441.44921875,25.520000457763672
2026-04-06,22968.25,52609.1015625,30636.55078125,25.469999313354492
2026-04-07,23123.650390625,52716.25,31403.349609375,24.700000762939453
2026-04-08,23997.349609375,55703.8984375,31565.80078125,19.700000762939453
2026-04-09,23775.099609375,54821.69921875,31636.19921875,20.43000030517578
2026-04-10,24050.599609375,55912.75,31030.599609375,18.850000381469727
2026-04-13,23842.650390625,55605.05078125,30669.80078125,20.5
2026-04-15,24231.30078125,56301.94921875,31539.75,18.670000076293945
2026-04-16,24196.75,56086.3984375,31817.5,18.09000015258789
2026-04-17,24353.55078125,56565.69921875,31809.849609375,17.209999084472656
2026-04-20,24364.849609375,56582.3515625,31585.75,18.790000915527344
2026-04-21,24576.599609375,57371.44921875,31729.099609375,17.530000686645508
2026-04-22,24378.099609375,57124.44921875,30496.25,18.299999237060547
2026-04-23,24173.05078125,56305.0,30124.30078125,18.59000015258789
2026-04-24,23897.94921875,56089.75,28530.599609375,19.709999084472656
2026-04-27,24092.69921875,56264.30078125,29159.150390625,18.3799991607666
2026-04-28,23995.69921875,55400.3515625,28959.900390625,18.049999237060547
2026-04-29,24177.650390625,55403.6015625,29245.25,17.440000534057617
2026-04-30,23997.55078125,54863.3515625,29353.900390625,18.459999084472656
2026-05-04,24119.30078125,54878.5,29076.150390625,18.299999237060547
2026-05-05,24032.80078125,54547.05078125,29107.30078125,17.90999984741211
2026-05-06,24330.94921875,55981.05078125,29267.94921875,16.68000030517578
2026-05-07,24326.650390625,56047.3984375,29043.5,16.6200008392334
2026-05-08,24176.150390625,55310.55078125,29394.19921875,16.84000015258789
2026-05-11,23815.849609375,54439.8984375,29329.44921875,18.549999237060547
2026-05-12,23379.55078125,53555.19921875,28234.900390625,19.280000686645508
2026-05-13,23412.599609375,53456.1484375,27916.650390625,19.43000030517578
2026-05-14,23689.599609375,54128.94921875,27360.349609375,18.610000610351562
2026-05-15,23643.5,53710.3515625,27716.900390625,18.790000915527344
2026-05-18,23649.94921875,53537.0,28389.80078125,19.6299991607666
2026-05-19,23618.0,53409.1484375,29308.0,18.68000030517578
2026-05-20,23659.0,53562.19921875,29185.150390625,18.440000534057617
2026-05-21,23654.69921875,53439.3984375,29021.099609375,17.81999969482422
2026-05-22,23719.30078125,54055.3515625,28912.5,17.90999984741211
2026-05-25,24031.69921875,55293.6484375,28979.849609375,16.700000762939453
2026-05-26,23913.69921875,55092.8984375,28978.5,16.1299991607666
2026-05-27,23907.150390625,54853.8515625,28906.69921875,14.979999542236328
2026-05-29,23547.75,54239.19921875,29080.150390625,16.190000534057617
2026-06-01,23382.599609375,53643.1015625,29854.25,16.540000915527344
2026-06-02,23483.55078125,53714.6484375,31116.55078125,15.359999656677246
2026-06-03,23405.599609375,54185.94921875,29384.44921875,16.280000686645508
2026-06-04,23416.55078125,54307.8515625,29300.599609375,15.890000343322754
2026-06-05,23366.69921875,54496.25,29010.30078125,15.789999961853027
2026-06-08,23123.0,54063.75,28653.55078125,17.030000686645508
2026-06-09,23242.099609375,55194.5,28516.25,15.579999923706055
2026-06-10,23214.94921875,55100.30078125,28279.94921875,15.630000114440918
2026-06-11,23161.599609375,55176.75,27821.05078125,15.609999656677246
2026-06-12,23622.900390625,56814.80078125,27795.75,14.720000267028809
2026-06-15,23853.900390625,57198.80078125,28067.900390625,14.350000381469727
2026-06-16,23989.150390625,57297.1484375,28568.099609375,13.359999656677246
2026-06-17,24085.69921875,57585.05078125,28809.55078125,13.1899995803833
2026-06-18,24168.0,57963.80078125,28466.44921875,12.670000076293945
2026-06-19,24013.099609375,57685.75,27426.849609375,12.970000267028809
2026-06-22,24102.900390625,57935.6015625,27628.55078125,12.84000015258789
2026-06-23,23824.099609375,57183.75,27012.05078125,13.9399995803833
2026-06-24,24021.650390625,58150.3515625,27566.69921875,13.390000343322754
2026-06-25,24056.0,58177.05078125,27330.849609375,13.050000190734863
2026-06-29,23946.25,57727.3515625,27038.5,13.609999656677246
2026-06-30,23865.75,57542.8984375,26299.05078125,13.600000381469727
2026-07-01,24005.849609375,58033.05078125,25769.80078125,13.239999771118164
2026-07-02,24175.69921875,58031.6484375,26965.05078125,12.289999961853027
2026-07-03,24270.849609375,57938.5,27439.400390625,11.800000190734863
2026-07-06,24430.349609375,58291.5,27276.44921875,11.819999694824219
2026-07-07,24398.69921875,58200.69921875,27939.150390625,11.649999618530273
2026-07-08,23882.05078125,56742.6015625,27555.19921875,14.680000305175781
2026-07-09,23962.80078125,57252.44921875,27471.25,13.359999656677246
2026-07-10,24206.900390625,58045.8984375,28010.400390625,12.25
2026-07-13,24211.0,58131.44921875,29015.849609375,13.279999732971191
2026-07-14,24052.05078125,57462.30078125,28724.75,13.75
2026-07-15,24078.5,57757.8515625,28532.25,13.270000457763672
2026-07-16,24072.75,57582.25,28722.599609375,12.880000114440918
2026-07-17,24334.30078125,58521.3984375,29226.599609375,13.149999618530273
2026-07-20,24238.5,57945.0,29161.900390625,12.979999542236328
2026-07-21,24187.69921875,57835.3515625,28984.400390625,12.600000381469727
2026-07-22,23996.25,57126.80078125,28549.849609375,13.289999961853027
2026-07-23,23869.599609375,56592.0,28533.55078125,13.479999542236328
2026-07-24,23767.44921875,56693.5,28767.94921875,14.029999732971191
2026-07-27,23995.94921875,57087.19921875,29441.900390625,12.65999984741211
2026-07-28,23985.349609375,56755.6015625,30418.349609375,12.5600004196167
2026-07-29,24250.19921875,57205.8984375,31123.099609375,12.010000228881836
2026-07-30,24317.150390625,57147.5,31194.55078125,12.15999984741211
2026-07-31,24383.599609375,57264.8515625,30708.94921875,11.760000228881836
2026-08-03,24774.30078125,58247.94921875,31715.25,11.930000305175781
2026-08-04,24614.900390625,57907.19921875,31454.150390625,12.1899995803833
2026-08-05,24624.650390625,57739.94921875,31404.05078125,12.0600004196167
2026-08-06,24636.0,58063.6484375,31106.25,12.15999984741211
2026-08-07,24570.650390625,57746.44921875,31547.69921875,12.15999984741211
2026-08-10,24583.80078125,57686.94921875,31631.44921875,12.25
2026-08-11,24471.69921875,57446.25,31823.150390625,11.859999656677246
2026-08-12,24435.94921875,57885.8515625,31332.55078125,11.6899995803833
2026-08-13,24395.849609375,57635.25,31453.900390625,11.420000076293945
2026-08-14,24366.0,57491.1015625,31357.75,11.3100004196167
2026-08-17,24287.650390625,57497.80078125,30807.80078125,11.329999923706055
2026-08-18,24154.900390625,57262.3984375,30213.44921875,11.390000343322754
2026-08-19,24078.30078125,57239.75,30433.05078125,11.319999694824219
2026-08-20,24231.849609375,57495.8984375,30673.05078125,10.760000228881836
2026-08-21,24252.0,57761.94921875,30532.25,11.199999809265137
2026-08-24,24219.05078125,57525.94921875,30596.900390625,11.529999732971191
